"","ownership","total","good_count","good_ratio","date"
"1","For-profit",8,4,50,2014-10-10
"2","Third sector",2,2,100,2014-10-10
"3","For-profit",10,5,50,2014-10-17
"4","Third sector",2,2,100,2014-10-17
"5","For-profit",15,8,53.3333333333333,2014-10-24
"6","Third sector",5,5,100,2014-10-24
"7","Third sector",6,6,100,2014-10-31
"8","For-profit",23,10,43.4782608695652,2014-10-31
"9","Third sector",7,7,100,2014-11-07
"10","For-profit",25,11,44,2014-11-07
"11","Third sector",10,10,100,2014-11-14
"12","For-profit",34,16,47.0588235294118,2014-11-14
"13","For-profit",50,27,54,2014-11-21
"14","Third sector",13,13,100,2014-11-21
"15","Local Authority",1,1,100,2014-11-21
"16","For-profit",58,32,55.1724137931034,2014-11-28
"17","Third sector",15,15,100,2014-11-28
"18","Local Authority",2,2,100,2014-11-28
"19","For-profit",77,43,55.8441558441558,2014-12-05
"20","Third sector",17,17,100,2014-12-05
"21","Local Authority",2,2,100,2014-12-05
"22","For-profit",101,56,55.4455445544555,2014-12-12
"23","Third sector",22,21,95.4545454545455,2014-12-12
"24","Local Authority",2,2,100,2014-12-12
"25","For-profit",153,90,58.8235294117647,2014-12-19
"26","Third sector",33,31,93.9393939393939,2014-12-19
"27","Local Authority",5,4,80,2014-12-19
"28","For-profit",190,114,60,2014-12-26
"29","Third sector",40,38,95,2014-12-26
"30","Local Authority",6,5,83.3333333333333,2014-12-26
"31","For-profit",222,135,60.8108108108108,2015-01-02
"32","Third sector",48,44,91.6666666666667,2015-01-02
"33","Local Authority",9,6,66.6666666666667,2015-01-02
"34","Local Authority",13,9,69.2307692307692,2015-01-09
"35","For-profit",284,173,60.9154929577465,2015-01-09
"36","Third sector",61,55,90.1639344262295,2015-01-09
"37","For-profit",364,222,60.989010989011,2015-01-16
"38","Local Authority",15,11,73.3333333333333,2015-01-16
"39","Third sector",68,62,91.1764705882353,2015-01-16
"40","For-profit",485,295,60.8247422680412,2015-01-23
"41","Local Authority",20,15,75,2015-01-23
"42","Third sector",82,71,86.5853658536585,2015-01-23
"43","For-profit",611,358,58.5924713584288,2015-01-30
"44","Local Authority",25,19,76,2015-01-30
"45","Third sector",102,86,84.3137254901961,2015-01-30
"46","For-profit",697,403,57.819225251076,2015-02-06
"47","Local Authority",27,20,74.0740740740741,2015-02-06
"48","Third sector",115,98,85.2173913043478,2015-02-06
"49","For-profit",807,469,58.1164807930607,2015-02-13
"50","Local Authority",33,24,72.7272727272727,2015-02-13
"51","Third sector",131,109,83.206106870229,2015-02-13
"52","For-profit",907,529,58.3241455347299,2015-02-20
"53","Local Authority",36,27,75,2015-02-20
"54","Third sector",145,119,82.0689655172414,2015-02-20
"55","For-profit",1041,598,57.4447646493756,2015-02-27
"56","Local Authority",38,29,76.3157894736842,2015-02-27
"57","Third sector",174,141,81.0344827586207,2015-02-27
"58","For-profit",1179,677,57.4215436810857,2015-03-06
"59","Local Authority",40,30,75,2015-03-06
"60","Third sector",200,159,79.5,2015-03-06
"61","For-profit",1362,770,56.5345080763583,2015-03-13
"62","Local Authority",41,31,75.609756097561,2015-03-13
"63","Third sector",217,172,79.2626728110599,2015-03-13
"64","For-profit",1531,872,56.9562377531025,2015-03-20
"65","Local Authority",43,31,72.093023255814,2015-03-20
"66","Third sector",236,186,78.8135593220339,2015-03-20
"67","For-profit",1713,960,56.0420315236427,2015-03-27
"68","Local Authority",48,34,70.8333333333333,2015-03-27
"69","Third sector",266,211,79.3233082706767,2015-03-27
"70","For-profit",1926,1044,54.2056074766355,2015-04-03
"71","Local Authority",58,40,68.9655172413793,2015-04-03
"72","Third sector",293,229,78.1569965870307,2015-04-03
"73","For-profit",2058,1122,54.5189504373178,2015-04-10
"74","Local Authority",59,41,69.4915254237288,2015-04-10
"75","Third sector",308,242,78.5714285714286,2015-04-10
"76","For-profit",2241,1223,54.5738509593931,2015-04-17
"77","Local Authority",62,44,70.9677419354839,2015-04-17
"78","Third sector",331,256,77.3413897280967,2015-04-17
"79","For-profit",2468,1331,53.9303079416532,2015-04-24
"80","Local Authority",67,48,71.6417910447761,2015-04-24
"81","Third sector",354,271,76.5536723163842,2015-04-24
"82","For-profit",2651,1424,53.7155790267823,2015-05-01
"83","Local Authority",72,50,69.4444444444444,2015-05-01
"84","Third sector",379,289,76.2532981530343,2015-05-01
"85","For-profit",2776,1496,53.8904899135447,2015-05-08
"86","Local Authority",75,51,68,2015-05-08
"87","Third sector",395,300,75.9493670886076,2015-05-08
"88","For-profit",2952,1593,53.9634146341463,2015-05-15
"89","Local Authority",83,56,67.4698795180723,2015-05-15
"90","Third sector",417,315,75.5395683453237,2015-05-15
"91","For-profit",3150,1713,54.3809523809524,2015-05-22
"92","Local Authority",87,58,66.6666666666667,2015-05-22
"93","Third sector",453,339,74.8344370860927,2015-05-22
"94","For-profit",3272,1782,54.4621026894866,2015-05-29
"95","Local Authority",94,63,67.0212765957447,2015-05-29
"96","Third sector",476,360,75.6302521008403,2015-05-29
"97","For-profit",3416,1864,54.5667447306792,2015-06-05
"98","Local Authority",98,65,66.3265306122449,2015-06-05
"99","Third sector",496,376,75.8064516129032,2015-06-05
"100","For-profit",3545,1930,54.4428772919605,2015-06-12
"101","Local Authority",104,67,64.4230769230769,2015-06-12
"102","Third sector",515,390,75.7281553398058,2015-06-12
"103","For-profit",3698,2017,54.5429962141698,2015-06-19
"104","Local Authority",105,68,64.7619047619048,2015-06-19
"105","Third sector",537,411,76.536312849162,2015-06-19
"106","For-profit",3904,2142,54.8668032786885,2015-06-26
"107","Local Authority",108,71,65.7407407407407,2015-06-26
"108","Third sector",553,420,75.9493670886076,2015-06-26
"109","For-profit",4070,2246,55.1842751842752,2015-07-03
"110","Local Authority",114,75,65.7894736842105,2015-07-03
"111","Third sector",573,433,75.5671902268761,2015-07-03
"112","For-profit",4203,2324,55.2938377349512,2015-07-10
"113","Local Authority",114,75,65.7894736842105,2015-07-10
"114","Third sector",597,450,75.3768844221106,2015-07-10
"115","For-profit",4330,2403,55.4965357967667,2015-07-17
"116","Local Authority",120,81,67.5,2015-07-17
"117","Third sector",620,468,75.4838709677419,2015-07-17
"118","For-profit",4475,2479,55.3966480446927,2015-07-24
"119","Local Authority",123,82,66.6666666666667,2015-07-24
"120","Third sector",639,482,75.4303599374022,2015-07-24
"121","For-profit",4624,2570,55.5795847750865,2015-07-31
"122","Local Authority",126,84,66.6666666666667,2015-07-31
"123","Third sector",669,508,75.9342301943199,2015-07-31
"124","For-profit",4771,2661,55.7744707608468,2015-08-07
"125","Local Authority",132,89,67.4242424242424,2015-08-07
"126","Third sector",692,521,75.2890173410405,2015-08-07
"127","For-profit",4914,2753,56.023606023606,2015-08-14
"128","Local Authority",136,92,67.6470588235294,2015-08-14
"129","Third sector",716,537,75,2015-08-14
"130","For-profit",5061,2842,56.1549100968188,2015-08-21
"131","Local Authority",140,95,67.8571428571429,2015-08-21
"132","Third sector",727,545,74.9656121045392,2015-08-21
"133","For-profit",5208,2927,56.2019969278034,2015-08-28
"134","Local Authority",141,95,67.3758865248227,2015-08-28
"135","Third sector",745,560,75.1677852348993,2015-08-28
"136","For-profit",5302,2984,56.2806488117691,2015-09-04
"137","Third sector",762,570,74.8031496062992,2015-09-04
"138","Local Authority",141,94,66.6666666666667,2015-09-04
"139","For-profit",5455,3078,56.4252978918424,2015-09-11
"140","Third sector",779,584,74.9679075738126,2015-09-11
"141","Local Authority",143,97,67.8321678321678,2015-09-11
"142","For-profit",5570,3153,56.6068222621185,2015-09-18
"143","Third sector",804,607,75.4975124378109,2015-09-18
"144","Local Authority",146,99,67.8082191780822,2015-09-18
"145","For-profit",5681,3232,56.8913923604999,2015-09-25
"146","Third sector",832,625,75.1201923076923,2015-09-25
"147","Local Authority",152,104,68.421052631579,2015-09-25
"148","For-profit",5804,3311,57.0468642315644,2015-10-02
"149","Third sector",855,635,74.2690058479532,2015-10-02
"150","Local Authority",159,109,68.5534591194968,2015-10-02
"151","For-profit",5931,3399,57.3090541224077,2015-10-09
"152","Third sector",875,651,74.4,2015-10-09
"153","Local Authority",166,115,69.2771084337349,2015-10-09
"154","For-profit",6041,3467,57.3911604039066,2015-10-16
"155","Third sector",891,663,74.4107744107744,2015-10-16
"156","Local Authority",171,119,69.5906432748538,2015-10-16
"157","For-profit",6176,3555,57.5615284974093,2015-10-23
"158","Third sector",917,682,74.3729552889858,2015-10-23
"159","Local Authority",175,122,69.7142857142857,2015-10-23
"160","For-profit",6309,3646,57.7904580757648,2015-10-30
"161","Third sector",930,695,74.7311827956989,2015-10-30
"162","Local Authority",177,123,69.4915254237288,2015-10-30
"163","For-profit",6416,3721,57.9956359102244,2015-11-06
"164","Third sector",953,721,75.6558237145855,2015-11-06
"165","Local Authority",181,126,69.6132596685083,2015-11-06
"166","For-profit",6519,3808,58.4138671575395,2015-11-13
"167","Third sector",971,734,75.5921730175077,2015-11-13
"168","Local Authority",185,130,70.2702702702703,2015-11-13
"169","For-profit",6677,3930,58.8587689081923,2015-11-20
"170","Third sector",993,752,75.730110775428,2015-11-20
"171","Local Authority",194,137,70.6185567010309,2015-11-20
"172","For-profit",6797,4018,59.1143151390319,2015-11-27
"173","Third sector",1020,768,75.2941176470588,2015-11-27
"174","Local Authority",195,138,70.7692307692308,2015-11-27
"175","For-profit",6943,4111,59.2107158288924,2015-12-04
"176","Third sector",1048,791,75.4770992366412,2015-12-04
"177","Local Authority",199,143,71.8592964824121,2015-12-04
"178","For-profit",7076,4209,59.4827586206897,2015-12-11
"179","Third sector",1075,817,76,2015-12-11
"180","Local Authority",204,145,71.078431372549,2015-12-11
"181","For-profit",7208,4303,59.6975582685905,2015-12-18
"182","Third sector",1102,841,76.3157894736842,2015-12-18
"183","Local Authority",209,149,71.2918660287081,2015-12-18
"184","For-profit",7353,4419,60.0979192166463,2015-12-25
"185","Third sector",1127,866,76.8411712511091,2015-12-25
"186","Local Authority",216,155,71.7592592592593,2015-12-25
"187","For-profit",7445,4485,60.2417730020148,2016-01-01
"188","Third sector",1143,876,76.6404199475066,2016-01-01
"189","Local Authority",219,158,72.1461187214612,2016-01-01
"190","For-profit",7616,4602,60.4254201680672,2016-01-08
"191","Third sector",1177,904,76.8054375531011,2016-01-08
"192","Local Authority",223,160,71.7488789237668,2016-01-08
"193","For-profit",7772,4704,60.5249613998971,2016-01-15
"194","Third sector",1213,938,77.3289365210223,2016-01-15
"195","Local Authority",230,167,72.6086956521739,2016-01-15
"196","For-profit",7916,4810,60.7630116220313,2016-01-22
"197","Third sector",1244,965,77.572347266881,2016-01-22
"198","Local Authority",238,174,73.109243697479,2016-01-22
"199","For-profit",8088,4936,61.028684470821,2016-01-29
"200","Third sector",1273,986,77.4548311076198,2016-01-29
"201","Local Authority",244,179,73.3606557377049,2016-01-29
"202","For-profit",8248,5043,61.1420950533463,2016-02-05
"203","Third sector",1299,1005,77.3672055427252,2016-02-05
"204","Local Authority",247,181,73.2793522267206,2016-02-05
"205","For-profit",8394,5163,61.5082201572552,2016-02-12
"206","Third sector",1331,1037,77.9113448534936,2016-02-12
"207","Local Authority",254,186,73.2283464566929,2016-02-12
"208","For-profit",8561,5274,61.6049526924425,2016-02-19
"209","Third sector",1382,1073,77.6410998552822,2016-02-19
"210","Local Authority",262,192,73.2824427480916,2016-02-19
"211","For-profit",8707,5399,62.0075801079591,2016-02-26
"212","Third sector",1401,1087,77.587437544611,2016-02-26
"213","Local Authority",270,197,72.962962962963,2016-02-26
"214","For-profit",8865,5513,62.1883812746757,2016-03-04
"215","Third sector",1433,1120,78.1577110956036,2016-03-04
"216","Local Authority",274,200,72.992700729927,2016-03-04
"217","For-profit",9004,5628,62.5055530875167,2016-03-11
"218","Third sector",1465,1149,78.4300341296928,2016-03-11
"219","Local Authority",281,205,72.9537366548043,2016-03-11
"220","For-profit",9181,5776,62.9125367607015,2016-03-18
"221","Third sector",1514,1190,78.5997357992074,2016-03-18
"222","Local Authority",291,211,72.5085910652921,2016-03-18
"223","For-profit",9305,5874,63.1273508866201,2016-03-25
"224","Third sector",1552,1225,78.930412371134,2016-03-25
"225","Local Authority",302,219,72.5165562913907,2016-03-25
"226","For-profit",9392,5935,63.1920783645656,2016-04-01
"227","Third sector",1567,1236,78.8768347160179,2016-04-01
"228","Local Authority",303,219,72.2772277227723,2016-04-01
"229","For-profit",9579,6085,63.524376239691,2016-04-08
"230","Third sector",1607,1269,78.9670192906036,2016-04-08
"231","Local Authority",313,226,72.2044728434505,2016-04-08
"232","For-profit",9754,6226,63.8302234980521,2016-04-15
"233","Third sector",1635,1293,79.0825688073394,2016-04-15
"234","Local Authority",320,232,72.5,2016-04-15
"235","For-profit",9917,6363,64.1625491580115,2016-04-22
"236","Third sector",1657,1310,79.0585395292698,2016-04-22
"237","Local Authority",326,237,72.6993865030675,2016-04-22
"238","For-profit",10025,6453,64.3690773067332,2016-04-29
"239","Third sector",1684,1325,78.6817102137767,2016-04-29
"240","Local Authority",333,243,72.972972972973,2016-04-29
"241","For-profit",10138,6547,64.5788123890314,2016-05-06
"242","Third sector",1704,1343,78.8145539906103,2016-05-06
"243","Local Authority",335,245,73.134328358209,2016-05-06
"244","For-profit",10264,6662,64.9064692127825,2016-05-13
"245","Third sector",1724,1362,79.0023201856148,2016-05-13
"246","Local Authority",343,254,74.0524781341108,2016-05-13
"247","For-profit",10406,6772,65.0778397078608,2016-05-20
"248","Third sector",1753,1387,79.1215059897319,2016-05-20
"249","Local Authority",349,259,74.2120343839541,2016-05-20
"250","For-profit",10538,6875,65.2400835073069,2016-05-27
"251","Third sector",1780,1407,79.0449438202247,2016-05-27
"252","Local Authority",356,266,74.7191011235955,2016-05-27
"253","For-profit",10607,6945,65.4756293014047,2016-06-03
"254","Third sector",1803,1429,79.2567942318358,2016-06-03
"255","Local Authority",358,267,74.5810055865922,2016-06-03
"256","For-profit",10737,7056,65.7166806370494,2016-06-10
"257","Third sector",1819,1446,79.4942275975811,2016-06-10
"258","Local Authority",363,273,75.2066115702479,2016-06-10
"259","For-profit",10810,7138,66.0314523589269,2016-06-17
"260","Third sector",1834,1460,79.6074154852781,2016-06-17
"261","Local Authority",367,278,75.7493188010899,2016-06-17
"262","For-profit",10983,7276,66.2478375671492,2016-06-24
"263","Third sector",1867,1491,79.8607391537225,2016-06-24
"264","Local Authority",374,282,75.4010695187166,2016-06-24
"265","For-profit",11136,7403,66.4780890804598,2016-07-01
"266","Third sector",1906,1527,80.115424973767,2016-07-01
"267","Local Authority",380,289,76.0526315789474,2016-07-01
"268","For-profit",11247,7518,66.8444918644972,2016-07-08
"269","Third sector",1929,1552,80.4561949196475,2016-07-08
"270","Local Authority",381,292,76.6404199475066,2016-07-08
"271","For-profit",11348,7612,67.0778991892845,2016-07-15
"272","Third sector",1955,1575,80.5626598465473,2016-07-15
"273","Local Authority",388,297,76.5463917525773,2016-07-15
"274","For-profit",11436,7707,67.392444910808,2016-07-22
"275","Third sector",1965,1586,80.7124681933842,2016-07-22
"276","Local Authority",392,301,76.7857142857143,2016-07-22
"277","For-profit",11556,7795,67.45413637937,2016-07-29
"278","Third sector",1994,1616,81.0431293881645,2016-07-29
"279","Local Authority",396,304,76.7676767676768,2016-07-29
"280","For-profit",11662,7891,67.6642085405591,2016-08-05
"281","Third sector",2022,1642,81.2067260138477,2016-08-05
"282","Local Authority",401,308,76.8079800498753,2016-08-05
"283","For-profit",11755,7989,67.9625691195236,2016-08-12
"284","Third sector",2044,1659,81.1643835616438,2016-08-12
"285","Local Authority",406,314,77.3399014778325,2016-08-12
"286","For-profit",11872,8105,68.2698787061995,2016-08-19
"287","Third sector",2065,1682,81.452784503632,2016-08-19
"288","Local Authority",412,319,77.4271844660194,2016-08-19
"289","For-profit",11934,8184,68.5771744595274,2016-08-26
"290","Third sector",2079,1694,81.4814814814815,2016-08-26
"291","Local Authority",418,326,77.9904306220096,2016-08-26
"292","For-profit",12010,8245,68.6511240632806,2016-09-02
"293","Third sector",2089,1704,81.5701292484442,2016-09-02
"294","Local Authority",424,330,77.8301886792453,2016-09-02
"295","For-profit",12079,8324,68.9129894858846,2016-09-09
"296","Third sector",2112,1726,81.7234848484848,2016-09-09
"297","Local Authority",432,339,78.4722222222222,2016-09-09
"298","For-profit",12140,8386,69.0774299835255,2016-09-16
"299","Third sector",2127,1740,81.8053596614951,2016-09-16
"300","Local Authority",436,343,78.6697247706422,2016-09-16
"301","For-profit",12212,8441,69.1205371765477,2016-09-23
"302","Third sector",2138,1752,81.9457436856876,2016-09-23
"303","Local Authority",442,348,78.7330316742081,2016-09-23
"304","For-profit",12284,8528,69.4236405079779,2016-09-30
"305","Third sector",2157,1768,81.9656930922578,2016-09-30
"306","Local Authority",448,354,79.0178571428571,2016-09-30
"307","For-profit",12339,8594,69.6490801523624,2016-10-07
"308","Third sector",2169,1779,82.0193637621023,2016-10-07
"309","Local Authority",451,356,78.9356984478936,2016-10-07
"310","For-profit",12412,8666,69.8195294875927,2016-10-14
"311","Third sector",2195,1800,82.004555808656,2016-10-14
"312","Local Authority",455,361,79.3406593406593,2016-10-14
"313","For-profit",12480,8741,70.0400641025641,2016-10-21
"314","Third sector",2204,1811,82.1687840290381,2016-10-21
"315","Local Authority",457,363,79.4310722100657,2016-10-21
"316","For-profit",12559,8820,70.2285213790907,2016-10-28
"317","Third sector",2230,1836,82.3318385650224,2016-10-28
"318","Local Authority",460,365,79.3478260869565,2016-10-28
"319","For-profit",12586,8863,70.4195137454314,2016-11-04
"320","Third sector",2247,1857,82.6435246995995,2016-11-04
"321","Local Authority",464,369,79.5258620689655,2016-11-04
"322","For-profit",12680,8959,70.6545741324921,2016-11-11
"323","Third sector",2268,1879,82.8483245149912,2016-11-11
"324","Local Authority",467,371,79.4432548179872,2016-11-11
"325","For-profit",12732,9022,70.8608231228401,2016-11-18
"326","Third sector",2280,1891,82.9385964912281,2016-11-18
"327","Local Authority",469,374,79.7441364605544,2016-11-18
"328","For-profit",12788,9082,71.019705974351,2016-11-25
"329","Third sector",2296,1907,83.0574912891986,2016-11-25
"330","Local Authority",472,374,79.2372881355932,2016-11-25
"331","For-profit",12877,9172,71.2277704434263,2016-12-02
"332","Third sector",2311,1926,83.3405452185201,2016-12-02
"333","Local Authority",476,378,79.4117647058823,2016-12-02
"334","For-profit",12939,9243,71.4351959193137,2016-12-09
"335","Third sector",2323,1937,83.383555746879,2016-12-09
"336","Local Authority",478,380,79.4979079497908,2016-12-09
"337","For-profit",12998,9342,71.8725957839668,2016-12-16
"338","Third sector",2342,1962,83.7745516652434,2016-12-16
"339","Local Authority",483,386,79.9171842650103,2016-12-16
"340","For-profit",13057,9412,72.0839396492303,2016-12-23
"341","Third sector",2341,1969,84.1093549765058,2016-12-23
"342","Local Authority",485,388,80,2016-12-23
"343","For-profit",13111,9462,72.1684082068492,2016-12-30
"344","Third sector",2352,1976,84.0136054421769,2016-12-30
"345","Local Authority",488,390,79.9180327868852,2016-12-30
"346","For-profit",13138,9507,72.3626122697519,2017-01-06
"347","Third sector",2355,1977,83.9490445859873,2017-01-06
"348","Local Authority",489,391,79.959100204499,2017-01-06
"349","For-profit",13214,9592,72.5896776146511,2017-01-13
"350","Third sector",2361,1982,83.9474798814062,2017-01-13
"351","Local Authority",493,395,80.1217038539554,2017-01-13
"352","For-profit",13277,9674,72.8628455223319,2017-01-20
"353","Third sector",2378,2005,84.3145500420521,2017-01-20
"354","Local Authority",495,398,80.4040404040404,2017-01-20
"355","For-profit",13339,9759,73.161406402279,2017-01-27
"356","Third sector",2384,2012,84.3959731543624,2017-01-27
"357","Local Authority",494,399,80.7692307692308,2017-01-27
"358","For-profit",13403,9840,73.4163993135865,2017-02-03
"359","Third sector",2389,2019,84.5123482628715,2017-02-03
"360","Local Authority",496,403,81.25,2017-02-03
"361","For-profit",13337,9827,73.6822373847192,2017-02-10
"362","Third sector",2396,2031,84.7662771285476,2017-02-10
"363","Local Authority",500,409,81.8,2017-02-10
"364","For-profit",13361,9879,73.9390764164359,2017-02-17
"365","Third sector",2394,2032,84.8788638262322,2017-02-17
"366","Local Authority",500,411,82.2,2017-02-17
"367","For-profit",13399,9951,74.2667363236062,2017-02-24
"368","Third sector",2404,2041,84.9001663893511,2017-02-24
"369","Local Authority",504,417,82.7380952380952,2017-02-24
"370","For-profit",13442,9991,74.3267370926945,2017-03-03
"371","Third sector",2414,2056,85.1698425849213,2017-03-03
"372","Local Authority",504,420,83.3333333333333,2017-03-03
"373","For-profit",13488,10042,74.4513641755635,2017-03-10
"374","Third sector",2415,2057,85.175983436853,2017-03-10
"375","Local Authority",503,422,83.89662027833,2017-03-10
"376","For-profit",13482,10060,74.6180091974485,2017-03-17
"377","Third sector",2421,2066,85.3366377529946,2017-03-17
"378","Local Authority",504,425,84.3253968253968,2017-03-17
"379","For-profit",13508,10111,74.8519395913533,2017-03-24
"380","Third sector",2423,2071,85.4725546842757,2017-03-24
"381","Local Authority",506,427,84.3873517786561,2017-03-24
"382","For-profit",13521,10136,74.9648694623179,2017-03-31
"383","Third sector",2425,2077,85.6494845360825,2017-03-31
"384","Local Authority",507,429,84.6153846153846,2017-03-31
"385","For-profit",13540,10171,75.1181683899557,2017-04-07
"386","Third sector",2427,2085,85.9085290482077,2017-04-07
"387","Local Authority",506,428,84.5849802371542,2017-04-07
"388","For-profit",13528,10168,75.1626256652868,2017-04-14
"389","Third sector",2426,2085,85.9439406430338,2017-04-14
"390","Local Authority",503,427,84.8906560636183,2017-04-14
"391","For-profit",13560,10217,75.3466076696165,2017-04-21
"392","Third sector",2430,2088,85.9259259259259,2017-04-21
"393","Local Authority",486,412,84.7736625514403,2017-04-21
"394","For-profit",13625,10280,75.4495412844037,2017-04-28
"395","Third sector",2426,2086,85.9851607584501,2017-04-28
"396","Local Authority",485,412,84.9484536082474,2017-04-28
"397","For-profit",13626,10292,75.5320710406576,2017-05-05
"398","Third sector",2415,2079,86.0869565217391,2017-05-05
"399","Local Authority",489,417,85.2760736196319,2017-05-05
"400","For-profit",13603,10283,75.5936190546203,2017-05-12
"401","Third sector",2419,2082,86.0686233980984,2017-05-12
"402","Local Authority",485,414,85.360824742268,2017-05-12
"403","For-profit",13631,10326,75.7537964932874,2017-05-19
"404","Third sector",2421,2080,85.9149111937216,2017-05-19
"405","Local Authority",489,419,85.6850715746421,2017-05-19
"406","For-profit",13639,10358,75.9439841630618,2017-05-26
"407","Third sector",2426,2081,85.7790601813685,2017-05-26
"408","Local Authority",488,421,86.2704918032787,2017-05-26
"409","For-profit",13646,10372,76.0076212809615,2017-06-02
"410","Third sector",2421,2078,85.8323007021892,2017-06-02
"411","Local Authority",489,423,86.5030674846626,2017-06-02
"412","For-profit",13684,10408,76.0596316866413,2017-06-09
"413","Third sector",2432,2088,85.8552631578947,2017-06-09
"414","Local Authority",492,429,87.1951219512195,2017-06-09
"415","For-profit",13656,10406,76.2009373169303,2017-06-16
"416","Third sector",2417,2079,86.0157219693835,2017-06-16
"417","Local Authority",491,427,86.9653767820774,2017-06-16
"418","For-profit",13691,10431,76.1887371265795,2017-06-23
"419","Third sector",2416,2085,86.2996688741722,2017-06-23
"420","Local Authority",491,432,87.9837067209776,2017-06-23
"421","For-profit",13699,10460,76.3559383896635,2017-06-30
"422","Third sector",2415,2090,86.5424430641822,2017-06-30
"423","Local Authority",494,435,88.0566801619433,2017-06-30
"424","For-profit",13683,10464,76.474457355843,2017-07-07
"425","Third sector",2411,2090,86.6860223973455,2017-07-07
"426","Local Authority",492,433,88.0081300813008,2017-07-07
"427","For-profit",13692,10466,76.4387963774467,2017-07-14
"428","Third sector",2409,2086,86.5919468659195,2017-07-14
"429","Local Authority",494,432,87.4493927125506,2017-07-14
"430","For-profit",13703,10469,76.3993286141721,2017-07-21
"431","Third sector",2413,2087,86.4898466639039,2017-07-21
"432","Local Authority",495,432,87.2727272727273,2017-07-21
"433","For-profit",13690,10473,76.5010956902849,2017-07-28
"434","Third sector",2411,2082,86.3542098714227,2017-07-28
"435","Local Authority",493,431,87.4239350912779,2017-07-28
"436","For-profit",13722,10495,76.4830199679347,2017-08-04
"437","Third sector",2415,2084,86.2939958592132,2017-08-04
"438","Local Authority",493,431,87.4239350912779,2017-08-04
"439","For-profit",13699,10503,76.6698299145923,2017-08-11
"440","Third sector",2409,2078,86.2598588625986,2017-08-11
"441","Local Authority",494,430,87.0445344129555,2017-08-11
"442","For-profit",13725,10528,76.7067395264117,2017-08-18
"443","Third sector",2406,2075,86.2427265170407,2017-08-18
"444","Local Authority",492,429,87.1951219512195,2017-08-18
"445","For-profit",13722,10531,76.7453723946947,2017-08-25
"446","Third sector",2400,2073,86.375,2017-08-25
"447","Local Authority",495,431,87.0707070707071,2017-08-25
"448","For-profit",13717,10531,76.7733469417511,2017-09-01
"449","Third sector",2400,2069,86.2083333333333,2017-09-01
"450","Local Authority",494,431,87.246963562753,2017-09-01
"451","For-profit",13724,10539,76.7924803264354,2017-09-08
"452","Third sector",2399,2072,86.3693205502293,2017-09-08
"453","Local Authority",495,432,87.2727272727273,2017-09-08
"454","For-profit",13706,10516,76.7255216693419,2017-09-15
"455","Third sector",2390,2066,86.4435146443515,2017-09-15
"456","Local Authority",494,429,86.8421052631579,2017-09-15
"457","For-profit",13733,10549,76.814971237166,2017-09-22
"458","Third sector",2391,2065,86.3655374320368,2017-09-22
"459","Local Authority",497,432,86.9215291750503,2017-09-22
"460","For-profit",13740,10560,76.8558951965066,2017-09-29
"461","Third sector",2392,2069,86.4966555183946,2017-09-29
"462","Local Authority",495,431,87.0707070707071,2017-09-29
"463","For-profit",13737,10561,76.879959234185,2017-10-06
"464","Third sector",2378,2061,86.6694701429773,2017-10-06
"465","Local Authority",495,432,87.2727272727273,2017-10-06
"466","For-profit",13732,10555,76.8642586658899,2017-10-13
"467","Third sector",2378,2062,86.7115222876367,2017-10-13
"468","Local Authority",495,430,86.8686868686869,2017-10-13
"469","For-profit",13736,10563,76.9001164822365,2017-10-20
"470","Third sector",2381,2066,86.7702645947081,2017-10-20
"471","Local Authority",496,430,86.6935483870968,2017-10-20
"472","For-profit",13749,10570,76.878318423158,2017-10-27
"473","Third sector",2378,2066,86.8797308662742,2017-10-27
"474","Local Authority",495,429,86.6666666666667,2017-10-27
"475","For-profit",13745,10576,76.9443433975991,2017-11-03
"476","Third sector",2382,2065,86.6918555835432,2017-11-03
"477","Local Authority",495,429,86.6666666666667,2017-11-03
"478","For-profit",13739,10592,77.0944027949632,2017-11-10
"479","Third sector",2385,2067,86.6666666666667,2017-11-10
"480","Local Authority",496,430,86.6935483870968,2017-11-10
"481","For-profit",13739,10578,76.9925030933838,2017-11-17
"482","Third sector",2385,2063,86.4989517819706,2017-11-17
"483","Local Authority",496,429,86.491935483871,2017-11-17
"484","For-profit",13741,10586,77.0395167746161,2017-11-24
"485","Third sector",2381,2061,86.5602687946241,2017-11-24
"486","Local Authority",496,429,86.491935483871,2017-11-24
"487","For-profit",13741,10579,76.9885743395677,2017-12-01
"488","Third sector",2384,2066,86.6610738255034,2017-12-01
"489","Local Authority",495,428,86.4646464646465,2017-12-01
"490","For-profit",13743,10575,76.9482645710544,2017-12-08
"491","Third sector",2382,2063,86.607892527288,2017-12-08
"492","Local Authority",498,431,86.5461847389558,2017-12-08
"493","For-profit",13746,10591,77.0478684708279,2017-12-15
"494","Third sector",2383,2064,86.6135123793538,2017-12-15
"495","Local Authority",495,428,86.4646464646465,2017-12-15
"496","For-profit",13725,10583,77.1074681238616,2017-12-22
"497","Third sector",2383,2067,86.7394041124633,2017-12-22
"498","Local Authority",496,428,86.2903225806452,2017-12-22
"499","For-profit",13736,10587,77.0748398369249,2017-12-29
"500","Third sector",2385,2069,86.7505241090147,2017-12-29
"501","Local Authority",497,429,86.317907444668,2017-12-29
"502","For-profit",13753,10597,77.052279502654,2018-01-05
"503","Third sector",2381,2067,86.8122637547249,2018-01-05
"504","Local Authority",499,430,86.1723446893788,2018-01-05
"505","For-profit",13775,10612,77.038112522686,2018-01-12
"506","Third sector",2382,2069,86.8597816960537,2018-01-12
"507","Local Authority",497,429,86.317907444668,2018-01-12
"508","For-profit",13761,10579,76.8766804738028,2018-01-19
"509","Third sector",2382,2067,86.7758186397985,2018-01-19
"510","Local Authority",497,428,86.1167002012072,2018-01-19
"511","For-profit",13784,10605,76.9370284387696,2018-01-26
"512","Third sector",2381,2068,86.8542629147417,2018-01-26
"513","Local Authority",497,430,86.5191146881288,2018-01-26
"514","For-profit",13763,10600,77.0180919857589,2018-02-02
"515","Third sector",2381,2065,86.7282654346913,2018-02-02
"516","Local Authority",496,428,86.2903225806452,2018-02-02
"517","For-profit",13761,10605,77.0656202310879,2018-02-09
"518","Third sector",2381,2065,86.7282654346913,2018-02-09
"519","Local Authority",495,427,86.2626262626263,2018-02-09
"520","For-profit",13757,10611,77.1316420731264,2018-02-16
"521","Third sector",2377,2062,86.7480016827934,2018-02-16
"522","Local Authority",494,427,86.4372469635628,2018-02-16
"523","For-profit",13757,10614,77.1534491531584,2018-02-23
"524","Third sector",2378,2062,86.7115222876367,2018-02-23
"525","Local Authority",493,425,86.2068965517241,2018-02-23
"526","For-profit",13746,10617,77.2370144041903,2018-03-02
"527","Third sector",2380,2065,86.7647058823529,2018-03-02
"528","Local Authority",493,425,86.2068965517241,2018-03-02
"529","For-profit",13767,10619,77.1337255756519,2018-03-09
"530","Third sector",2376,2065,86.9107744107744,2018-03-09
"531","Local Authority",494,424,85.82995951417,2018-03-09
"532","For-profit",13768,10626,77.178965717606,2018-03-16
"533","Third sector",2382,2071,86.943744752309,2018-03-16
"534","Local Authority",491,421,85.7433808553971,2018-03-16
"535","For-profit",13776,10651,77.3156213704994,2018-03-23
"536","Third sector",2379,2065,86.8011769651114,2018-03-23
"537","Local Authority",490,420,85.7142857142857,2018-03-23
"538","For-profit",13762,10650,77.3870077023688,2018-03-30
"539","Third sector",2383,2064,86.6135123793538,2018-03-30
"540","Local Authority",493,423,85.8012170385396,2018-03-30
"541","For-profit",13789,10666,77.3515120748423,2018-04-06
"542","Third sector",2381,2062,86.6022679546409,2018-04-06
"543","Local Authority",492,421,85.5691056910569,2018-04-06
"544","For-profit",13777,10666,77.4188865500472,2018-04-13
"545","Third sector",2381,2062,86.6022679546409,2018-04-13
"546","Local Authority",490,420,85.7142857142857,2018-04-13
"547","For-profit",13779,10670,77.4366790042819,2018-04-20
"548","Third sector",2377,2056,86.4955826672276,2018-04-20
"549","Local Authority",493,423,85.8012170385396,2018-04-20
"550","For-profit",13787,10683,77.4860375716254,2018-04-27
"551","Third sector",2375,2058,86.6526315789474,2018-04-27
"552","Local Authority",493,420,85.1926977687627,2018-04-27
"553","For-profit",13779,10690,77.5818274185355,2018-05-04
"554","Third sector",2374,2058,86.6891322662174,2018-05-04
"555","Local Authority",495,423,85.4545454545455,2018-05-04
"556","For-profit",13771,10692,77.6414203761528,2018-05-11
"557","Third sector",2377,2063,86.7900715187211,2018-05-11
"558","Local Authority",494,423,85.6275303643725,2018-05-11
"559","For-profit",13801,10717,77.6537932033911,2018-05-18
"560","Third sector",2380,2062,86.6386554621849,2018-05-18
"561","Local Authority",494,422,85.4251012145749,2018-05-18
"562","For-profit",13793,10707,77.6263321974915,2018-05-25
"563","Third sector",2371,2055,86.6722901729228,2018-05-25
"564","Local Authority",494,421,85.2226720647773,2018-05-25
"565","For-profit",13800,10716,77.6521739130435,2018-06-01
"566","Third sector",2374,2053,86.4785172704296,2018-06-01
"567","Local Authority",494,420,85.0202429149798,2018-06-01
"568","For-profit",13800,10737,77.804347826087,2018-06-08
"569","Third sector",2348,2034,86.6269165247019,2018-06-08
"570","Local Authority",493,419,84.9898580121704,2018-06-08
"571","For-profit",13824,10756,77.806712962963,2018-06-15
"572","Third sector",2344,2033,86.7320819112628,2018-06-15
"573","Local Authority",489,414,84.6625766871166,2018-06-15
"574","For-profit",13832,10775,77.8990746096009,2018-06-22
"575","Third sector",2343,2024,86.3849765258216,2018-06-22
"576","Local Authority",491,417,84.928716904277,2018-06-22
"577","For-profit",13846,10795,77.9647551639463,2018-06-29
"578","Third sector",2340,2022,86.4102564102564,2018-06-29
"579","Local Authority",492,417,84.7560975609756,2018-06-29
"580","For-profit",13842,10794,77.9800606848721,2018-07-06
"581","Third sector",2344,2029,86.561433447099,2018-07-06
"582","Local Authority",489,415,84.8670756646217,2018-07-06
"583","For-profit",13847,10810,78.0674514335235,2018-07-13
"584","Third sector",2346,2034,86.7007672634271,2018-07-13
"585","Local Authority",489,415,84.8670756646217,2018-07-13
"586","For-profit",13840,10805,78.0708092485549,2018-07-20
"587","Third sector",2348,2040,86.8824531516184,2018-07-20
"588","Local Authority",487,414,85.0102669404518,2018-07-20
"589","For-profit",13881,10846,78.1355810100137,2018-07-27
"590","Third sector",2349,2046,87.1008939974457,2018-07-27
"591","Local Authority",485,412,84.9484536082474,2018-07-27
"592","For-profit",13878,10872,78.3398184176394,2018-08-03
"593","Third sector",2347,2048,87.2603323391564,2018-08-03
"594","Local Authority",487,410,84.1889117043121,2018-08-03
"595","For-profit",13891,10890,78.3960837952631,2018-08-10
"596","Third sector",2346,2050,87.382779198636,2018-08-10
"597","Local Authority",486,410,84.3621399176955,2018-08-10
"598","For-profit",13904,10921,78.5457422324511,2018-08-17
"599","Third sector",2346,2050,87.382779198636,2018-08-17
"600","Local Authority",485,409,84.3298969072165,2018-08-17
"601","For-profit",13918,10941,78.61043253341,2018-08-24
"602","Third sector",2354,2058,87.4256584536958,2018-08-24
"603","Local Authority",485,408,84.1237113402062,2018-08-24
"604","For-profit",13930,10966,78.7221823402728,2018-08-31
"605","Third sector",2349,2059,87.6543209876543,2018-08-31
"606","Local Authority",486,408,83.9506172839506,2018-08-31
"607","For-profit",13923,10983,78.8838612368024,2018-09-07
"608","Third sector",2345,2060,87.8464818763326,2018-09-07
"609","Local Authority",488,410,84.016393442623,2018-09-07
"610","For-profit",13928,11002,78.9919586444572,2018-09-14
"611","Third sector",2350,2063,87.7872340425532,2018-09-14
"612","Local Authority",489,411,84.0490797546012,2018-09-14
"613","For-profit",13928,11012,79.0637564618036,2018-09-21
"614","Third sector",2346,2063,87.9369138959932,2018-09-21
"615","Local Authority",489,413,84.4580777096115,2018-09-21
"616","For-profit",13934,11041,79.2378355102627,2018-09-28
"617","Third sector",2351,2071,88.090174393875,2018-09-28
"618","Local Authority",490,416,84.8979591836735,2018-09-28
"619","For-profit",13932,11050,79.313809933965,2018-10-05
"620","Third sector",2336,2062,88.2705479452055,2018-10-05
"621","Local Authority",489,415,84.8670756646217,2018-10-05
"622","For-profit",13946,11055,79.2700415889861,2018-10-12
"623","Third sector",2339,2063,88.2000855066268,2018-10-12
"624","Local Authority",488,415,85.0409836065574,2018-10-12
"625","For-profit",13956,11069,79.3135568930926,2018-10-19
"626","Third sector",2335,2058,88.1370449678801,2018-10-19
"627","Local Authority",488,416,85.2459016393443,2018-10-19
"628","For-profit",13952,11081,79.4223050458716,2018-10-26
"629","Third sector",2333,2059,88.2554650664381,2018-10-26
"630","Local Authority",488,415,85.0409836065574,2018-10-26
"631","For-profit",13976,11109,79.4862621637092,2018-11-02
"632","Third sector",2336,2061,88.2277397260274,2018-11-02
"633","Local Authority",488,414,84.8360655737705,2018-11-02
"634","For-profit",13979,11136,79.6623506688604,2018-11-09
"635","Third sector",2332,2057,88.2075471698113,2018-11-09
"636","Local Authority",488,416,85.2459016393443,2018-11-09
"637","For-profit",13994,11156,79.7198799485494,2018-11-16
"638","Third sector",2332,2059,88.2933104631218,2018-11-16
"639","Local Authority",487,415,85.2156057494867,2018-11-16
"640","For-profit",14013,11178,79.7687861271676,2018-11-23
"641","Third sector",2338,2059,88.0667236954662,2018-11-23
"642","Local Authority",487,415,85.2156057494867,2018-11-23
"643","For-profit",14009,11172,79.7487329573845,2018-11-30
"644","Third sector",2333,2058,88.2126018002572,2018-11-30
"645","Local Authority",487,416,85.4209445585216,2018-11-30
"646","For-profit",14000,11181,79.8642857142857,2018-12-07
"647","Third sector",2336,2058,88.0993150684932,2018-12-07
"648","Local Authority",487,415,85.2156057494867,2018-12-07
"649","For-profit",14016,11196,79.8801369863014,2018-12-14
"650","Third sector",2334,2056,88.08911739503,2018-12-14
"651","Local Authority",486,416,85.59670781893,2018-12-14
"652","For-profit",14006,11204,79.9942881622162,2018-12-21
"653","Third sector",2329,2055,88.2352941176471,2018-12-21
"654","Local Authority",487,417,85.6262833675565,2018-12-21
"655","For-profit",13999,11208,80.0628616329738,2018-12-28
"656","Third sector",2328,2052,88.1443298969072,2018-12-28
"657","Local Authority",483,414,85.7142857142857,2018-12-28
"658","For-profit",14031,11228,80.0228066424346,2019-01-04
"659","Third sector",2336,2058,88.0993150684932,2019-01-04
"660","Local Authority",486,415,85.3909465020576,2019-01-04
"661","For-profit",14017,11215,80.0099878718699,2019-01-11
"662","Third sector",2325,2048,88.0860215053764,2019-01-11
"663","Local Authority",485,417,85.979381443299,2019-01-11
"664","For-profit",14010,11205,79.9785867237687,2019-01-18
"665","Third sector",2327,2044,87.8384185646755,2019-01-18
"666","Local Authority",484,416,85.9504132231405,2019-01-18
"667","For-profit",14000,11199,79.9928571428571,2019-01-25
"668","Third sector",2325,2040,87.741935483871,2019-01-25
"669","Local Authority",483,415,85.9213250517598,2019-01-25
"670","For-profit",13995,11205,80.064308681672,2019-02-01
"671","Third sector",2315,2031,87.732181425486,2019-02-01
"672","Local Authority",481,414,86.0706860706861,2019-02-01
"673","For-profit",13998,11199,80.0042863266181,2019-02-08
"674","Third sector",2318,2031,87.618636755824,2019-02-08
"675","Local Authority",481,413,85.8627858627859,2019-02-08
"676","For-profit",14015,11215,80.0214056368177,2019-02-15
"677","Third sector",2320,2029,87.4568965517241,2019-02-15
"678","Local Authority",482,414,85.8921161825726,2019-02-15
"679","For-profit",14014,11204,79.9486228057657,2019-02-22
"680","Third sector",2321,2028,87.3761309780267,2019-02-22
"681","Local Authority",483,417,86.3354037267081,2019-02-22
"682","For-profit",14027,11226,80.0313680758537,2019-03-01
"683","Third sector",2316,2020,87.2193436960276,2019-03-01
"684","Local Authority",473,407,86.046511627907,2019-03-01
"685","For-profit",14047,11238,80.0028475831138,2019-03-08
"686","Third sector",2320,2027,87.3706896551724,2019-03-08
"687","Local Authority",472,407,86.228813559322,2019-03-08
"688","For-profit",14037,11237,80.0527178171974,2019-03-15
"689","Third sector",2320,2024,87.2413793103448,2019-03-15
"690","Local Authority",474,406,85.6540084388186,2019-03-15
"691","For-profit",14059,11278,80.2190767479906,2019-03-22
"692","Third sector",2320,2027,87.3706896551724,2019-03-22
"693","Local Authority",473,405,85.6236786469345,2019-03-22
"694","For-profit",14050,11285,80.3202846975089,2019-03-29
"695","Third sector",2314,2025,87.5108038029386,2019-03-29
"696","Local Authority",472,404,85.5932203389831,2019-03-29
"697","For-profit",14015,11254,80.2996789154477,2019-04-05
"698","Third sector",2312,2024,87.5432525951557,2019-04-05
"699","Local Authority",470,405,86.1702127659574,2019-04-05
"700","For-profit",14027,11256,80.2452413203108,2019-04-12
"701","Third sector",2303,2017,87.5814155449414,2019-04-12
"702","Local Authority",470,406,86.3829787234043,2019-04-12
"703","For-profit",14018,11277,80.4465686973891,2019-04-19
"704","Third sector",2298,2011,87.5108790252393,2019-04-19
"705","Local Authority",471,407,86.411889596603,2019-04-19
"706","For-profit",14031,11293,80.4860665668876,2019-04-26
"707","Third sector",2309,2018,87.3971416197488,2019-04-26
"708","Local Authority",474,410,86.4978902953586,2019-04-26
"709","For-profit",14014,11298,80.6193806193806,2019-05-03
"710","Local Authority",474,408,86.0759493670886,2019-05-03
"711","Third sector",2296,2007,87.4128919860627,2019-05-03
"712","For-profit",14015,11310,80.6992508027114,2019-05-10
"713","Local Authority",471,406,86.1995753715499,2019-05-10
"714","Third sector",2290,2003,87.467248908297,2019-05-10
"715","For-profit",14003,11295,80.6612868670999,2019-05-17
"716","Local Authority",472,405,85.8050847457627,2019-05-17
"717","Third sector",2291,2004,87.4727193365343,2019-05-17
"718","For-profit",14007,11315,80.7810380524024,2019-05-24
"719","Local Authority",473,410,86.6807610993658,2019-05-24
"720","Third sector",2289,2005,87.5928352992573,2019-05-24
"721","For-profit",14019,11333,80.8402881803267,2019-05-31
"722","Local Authority",473,410,86.6807610993658,2019-05-31
"723","Third sector",2289,2012,87.8986456968108,2019-05-31
"724","For-profit",14019,11348,80.9472858263785,2019-06-07
"725","Local Authority",474,409,86.2869198312236,2019-06-07
"726","Third sector",2280,2002,87.8070175438596,2019-06-07
"727","For-profit",14010,11344,80.9707351891506,2019-06-14
"728","Local Authority",474,408,86.0759493670886,2019-06-14
"729","Third sector",2282,2007,87.9491673970202,2019-06-14
"730","For-profit",14000,11342,81.0142857142857,2019-06-21
"731","Local Authority",473,409,86.4693446088795,2019-06-21
"732","Third sector",2282,2012,88.1682734443471,2019-06-21
"733","For-profit",14024,11357,80.9826012549915,2019-06-28
"734","Local Authority",468,406,86.7521367521367,2019-06-28
"735","Third sector",2276,2008,88.2249560632689,2019-06-28
"736","For-profit",14020,11350,80.9557774607703,2019-07-05
"737","Local Authority",468,406,86.7521367521367,2019-07-05
"738","Third sector",2271,2003,88.1990312637605,2019-07-05
"739","For-profit",14031,11359,80.9564535671014,2019-07-12
"740","Local Authority",467,405,86.7237687366167,2019-07-12
"741","Third sector",2270,2004,88.2819383259912,2019-07-12
"742","For-profit",14040,11379,81.0470085470085,2019-07-19
"743","Local Authority",467,405,86.7237687366167,2019-07-19
"744","Third sector",2264,2001,88.3833922261484,2019-07-19
"745","For-profit",14022,11358,81.0012836970475,2019-07-26
"746","Local Authority",466,404,86.6952789699571,2019-07-26
"747","Third sector",2263,2000,88.3782589482987,2019-07-26
"748","For-profit",14005,11356,81.0853266690468,2019-08-02
"749","Local Authority",463,402,86.8250539956803,2019-08-02
"750","Third sector",2259,1999,88.4904825143869,2019-08-02
"751","For-profit",14033,11383,81.1159409962232,2019-08-09
"752","Local Authority",464,402,86.6379310344828,2019-08-09
"753","Third sector",2248,1991,88.567615658363,2019-08-09
"754","For-profit",14013,11384,81.2388496396203,2019-08-16
"755","Local Authority",465,402,86.4516129032258,2019-08-16
"756","Third sector",2239,1981,88.4769986601161,2019-08-16
"757","For-profit",14006,11380,81.2508924746537,2019-08-23
"758","Local Authority",464,401,86.4224137931034,2019-08-23
"759","Third sector",2240,1979,88.3482142857143,2019-08-23
"760","For-profit",14031,11397,81.2272824460124,2019-08-30
"761","Local Authority",465,403,86.6666666666667,2019-08-30
"762","Third sector",2240,1981,88.4375,2019-08-30
"763","For-profit",14017,11397,81.3084112149533,2019-09-06
"764","Local Authority",463,401,86.6090712742981,2019-09-06
"765","Third sector",2239,1977,88.298347476552,2019-09-06
"766","For-profit",14019,11409,81.3824095869891,2019-09-13
"767","Local Authority",462,400,86.5800865800866,2019-09-13
"768","Third sector",2234,1971,88.2273948075201,2019-09-13
"769","For-profit",14021,11406,81.3494044647315,2019-09-20
"770","Local Authority",462,400,86.5800865800866,2019-09-20
"771","Third sector",2242,1976,88.135593220339,2019-09-20
"772","For-profit",14037,11412,81.2994229536226,2019-09-27
"773","Local Authority",464,402,86.6379310344828,2019-09-27
"774","Third sector",2238,1974,88.2037533512064,2019-09-27
"775","For-profit",14004,11393,81.3553270494145,2019-10-04
"776","Local Authority",461,402,87.2017353579176,2019-10-04
"777","Third sector",2236,1972,88.1932021466905,2019-10-04
"778","For-profit",14022,11391,81.2366281557552,2019-10-11
"779","Local Authority",460,402,87.3913043478261,2019-10-11
"780","Third sector",2235,1972,88.2326621923937,2019-10-11
"781","For-profit",14042,11396,81.1565304087737,2019-10-18
"782","Local Authority",461,403,87.4186550976139,2019-10-18
"783","Third sector",2235,1975,88.3668903803132,2019-10-18
"784","For-profit",14028,11374,81.0806957513544,2019-10-25
"785","Local Authority",459,402,87.5816993464052,2019-10-25
"786","Third sector",2237,1974,88.2431828341529,2019-10-25
"787","For-profit",14025,11365,81.0338680926916,2019-11-01
"788","Local Authority",458,401,87.5545851528384,2019-11-01
"789","Third sector",2238,1976,88.2931188561215,2019-11-01
"790","For-profit",14022,11359,81.0084153473114,2019-11-08
"791","Local Authority",459,399,86.9281045751634,2019-11-08
"792","Third sector",2229,1963,88.0663974876626,2019-11-08
"793","For-profit",14009,11340,80.9479620244129,2019-11-15
"794","Local Authority",457,398,87.089715536105,2019-11-15
"795","Third sector",2232,1967,88.1272401433692,2019-11-15
"796","For-profit",14014,11342,80.9333523619238,2019-11-22
"797","Local Authority",455,396,87.032967032967,2019-11-22
"798","Third sector",2229,1967,88.2458501570211,2019-11-22
"799","For-profit",13996,11338,81.0088596741926,2019-11-29
"800","Local Authority",455,396,87.032967032967,2019-11-29
"801","Third sector",2226,1961,88.0952380952381,2019-11-29
"802","For-profit",14006,11325,80.858203627017,2019-12-06
"803","Local Authority",455,396,87.032967032967,2019-12-06
"804","Third sector",2227,1959,87.9658733722497,2019-12-06
"805","For-profit",13989,11312,80.8635356351419,2019-12-13
"806","Local Authority",454,395,87.0044052863436,2019-12-13
"807","Third sector",2225,1954,87.8202247191011,2019-12-13
"808","For-profit",14007,11345,80.9952166773756,2019-12-20
"809","Local Authority",454,395,87.0044052863436,2019-12-20
"810","Third sector",2225,1957,87.9550561797753,2019-12-20
"811","For-profit",13976,11328,81.0532341156268,2019-12-27
"812","Local Authority",453,394,86.9757174392936,2019-12-27
"813","Third sector",2223,1958,88.0791722896986,2019-12-27
"814","For-profit",14008,11351,81.0322672758424,2020-01-03
"815","Local Authority",453,394,86.9757174392936,2020-01-03
"816","Third sector",2228,1963,88.1059245960503,2020-01-03
"817","For-profit",14021,11374,81.1211753797875,2020-01-10
"818","Local Authority",454,394,86.784140969163,2020-01-10
"819","Third sector",2222,1956,88.028802880288,2020-01-10
"820","For-profit",14015,11363,81.0774170531573,2020-01-17
"821","Local Authority",454,393,86.5638766519824,2020-01-17
"822","Third sector",2228,1962,88.0610412926391,2020-01-17
"823","For-profit",14007,11354,81.0594702648676,2020-01-24
"824","Local Authority",454,393,86.5638766519824,2020-01-24
"825","Third sector",2215,1954,88.216704288939,2020-01-24
"826","For-profit",14004,11348,81.033990288489,2020-01-31
"827","Local Authority",450,388,86.2222222222222,2020-01-31
"828","Third sector",2216,1958,88.3574007220217,2020-01-31
"829","For-profit",13995,11349,81.0932475884244,2020-02-07
"830","Local Authority",449,388,86.4142538975501,2020-02-07
"831","Third sector",2216,1959,88.4025270758123,2020-02-07
"832","For-profit",14024,11395,81.2535653166001,2020-02-14
"833","Local Authority",449,388,86.4142538975501,2020-02-14
"834","Third sector",2219,1963,88.4632717440288,2020-02-14
"835","For-profit",14037,11407,81.2638028068676,2020-02-21
"836","Local Authority",450,387,86,2020-02-21
"837","Third sector",2219,1961,88.3731410545291,2020-02-21
"838","For-profit",14036,11430,81.4334568253064,2020-02-28
"839","Local Authority",449,386,85.9688195991091,2020-02-28
"840","Third sector",2216,1956,88.2671480144404,2020-02-28
"841","For-profit",14020,11427,81.5049928673324,2020-03-06
"842","Local Authority",448,386,86.1607142857143,2020-03-06
"843","Third sector",2211,1957,88.5119855269109,2020-03-06
"844","For-profit",14025,11426,81.4688057040998,2020-03-13
"845","Local Authority",447,387,86.5771812080537,2020-03-13
"846","Third sector",2213,1962,88.6579304112065,2020-03-13
"847","For-profit",14002,11423,81.5812026853307,2020-03-20
"848","Local Authority",446,385,86.322869955157,2020-03-20
"849","Third sector",2211,1962,88.7381275440977,2020-03-20
"850","For-profit",14010,11426,81.5560314061385,2020-03-27
"851","Local Authority",446,385,86.322869955157,2020-03-27
"852","Third sector",2209,1960,88.727931190584,2020-03-27
"853","For-profit",14023,11436,81.5517364330029,2020-04-03
"854","Local Authority",446,384,86.0986547085202,2020-04-03
"855","Third sector",2213,1962,88.6579304112065,2020-04-03
"856","For-profit",14000,11427,81.6214285714286,2020-04-10
"857","Local Authority",448,387,86.3839285714286,2020-04-10
"858","Third sector",2210,1963,88.8235294117647,2020-04-10
"859","For-profit",13974,11411,81.6587949048232,2020-04-17
"860","Local Authority",445,384,86.2921348314607,2020-04-17
"861","Third sector",2204,1958,88.8384754990926,2020-04-17
"862","For-profit",13978,11415,81.6640434969237,2020-04-24
"863","Local Authority",447,385,86.1297539149888,2020-04-24
"864","Third sector",2202,1957,88.8737511353315,2020-04-24
"865","For-profit",13976,11404,81.5970234688037,2020-05-01
"866","Local Authority",447,387,86.5771812080537,2020-05-01
"867","Third sector",2203,1955,88.7426236949614,2020-05-01
"868","For-profit",13961,11380,81.5127856170761,2020-05-08
"869","Local Authority",445,385,86.5168539325843,2020-05-08
"870","Third sector",2199,1953,88.8130968622101,2020-05-08
"871","For-profit",13948,11371,81.5242328649269,2020-05-15
"872","Local Authority",445,385,86.5168539325843,2020-05-15
"873","Third sector",2197,1952,88.848429676832,2020-05-15
"874","For-profit",13923,11348,81.5054226818933,2020-05-22
"875","Local Authority",445,385,86.5168539325843,2020-05-22
"876","Third sector",2193,1946,88.7368901048792,2020-05-22
"877","For-profit",13921,11344,81.4883988219237,2020-05-29
"878","Local Authority",445,385,86.5168539325843,2020-05-29
"879","Third sector",2192,1946,88.7773722627737,2020-05-29
"880","For-profit",13901,11323,81.454571613553,2020-06-05
"881","Local Authority",445,385,86.5168539325843,2020-06-05
"882","Third sector",2191,1946,88.8178913738019,2020-06-05
"883","For-profit",13889,11312,81.4457484340125,2020-06-12
"884","Local Authority",446,386,86.5470852017937,2020-06-12
"885","Third sector",2188,1944,88.8482632541133,2020-06-12
"886","For-profit",13878,11302,81.4382475861075,2020-06-19
"887","Local Authority",444,384,86.4864864864865,2020-06-19
"888","Third sector",2184,1941,88.8736263736264,2020-06-19
"889","For-profit",13866,11290,81.4221837588345,2020-06-26
"890","Local Authority",444,384,86.4864864864865,2020-06-26
"891","Third sector",2183,1940,88.8685295464957,2020-06-26
"892","For-profit",13849,11277,81.4282619683732,2020-07-03
"893","Local Authority",444,384,86.4864864864865,2020-07-03
"894","Third sector",2182,1939,88.8634280476627,2020-07-03
"895","For-profit",13838,11268,81.4279520161873,2020-07-10
"896","Local Authority",444,384,86.4864864864865,2020-07-10
"897","Third sector",2179,1936,88.8480954566315,2020-07-10
"898","For-profit",13826,11262,81.4552292781716,2020-07-17
"899","Local Authority",444,384,86.4864864864865,2020-07-17
"900","Third sector",2177,1934,88.8378502526412,2020-07-17
"901","For-profit",13799,11241,81.4624248133923,2020-07-24
"902","Local Authority",444,384,86.4864864864865,2020-07-24
"903","Third sector",2172,1930,88.8581952117864,2020-07-24
"904","For-profit",13791,11230,81.4299180625045,2020-07-31
"905","Local Authority",444,383,86.2612612612613,2020-07-31
"906","Third sector",2171,1929,88.8530631045601,2020-07-31
"907","For-profit",13778,11218,81.4196545217013,2020-08-07
"908","Local Authority",444,383,86.2612612612613,2020-08-07
"909","Third sector",2171,1929,88.8530631045601,2020-08-07
"910","For-profit",13763,11210,81.4502652038073,2020-08-14
"911","Local Authority",444,383,86.2612612612613,2020-08-14
"912","Third sector",2169,1928,88.8888888888889,2020-08-14
"913","For-profit",13751,11201,81.4558941167915,2020-08-21
"914","Local Authority",444,383,86.2612612612613,2020-08-21
"915","Third sector",2167,1926,88.878634056299,2020-08-21
"916","For-profit",13747,11196,81.4432239761402,2020-08-28
"917","Local Authority",444,384,86.4864864864865,2020-08-28
"918","Third sector",2164,1923,88.8632162661738,2020-08-28
"919","For-profit",13739,11195,81.4833685129922,2020-09-04
"920","Local Authority",443,383,86.4559819413093,2020-09-04
"921","Third sector",2161,1921,88.894030541416,2020-09-04
"922","For-profit",13729,11173,81.3824750528079,2020-09-11
"923","Local Authority",446,385,86.322869955157,2020-09-11
"924","Third sector",2159,1919,88.8837424733673,2020-09-11
"925","For-profit",13719,11169,81.4126394052045,2020-09-18
"926","Local Authority",443,385,86.9074492099323,2020-09-18
"927","Third sector",2159,1920,88.9300602130616,2020-09-18
"928","For-profit",13704,11159,81.428779918272,2020-09-25
"929","Local Authority",443,385,86.9074492099323,2020-09-25
"930","Third sector",2157,1919,88.9661566991192,2020-09-25
"931","For-profit",13677,11148,81.5091028734372,2020-10-02
"932","Local Authority",442,384,86.8778280542986,2020-10-02
"933","Third sector",2155,1914,88.8167053364269,2020-10-02
"934","For-profit",13650,11145,81.6483516483516,2020-10-09
"935","Local Authority",442,384,86.8778280542986,2020-10-09
"936","Third sector",2148,1909,88.8733705772812,2020-10-09
"937","For-profit",13652,11150,81.6730149428655,2020-10-16
"938","Local Authority",443,385,86.9074492099323,2020-10-16
"939","Third sector",2144,1909,89.0391791044776,2020-10-16
"940","For-profit",13644,11151,81.7282321899736,2020-10-23
"941","Local Authority",442,386,87.3303167420815,2020-10-23
"942","Third sector",2142,1907,89.0289449112978,2020-10-23
"943","For-profit",13637,11151,81.7701840580773,2020-10-30
"944","Local Authority",442,386,87.3303167420815,2020-10-30
"945","Third sector",2138,1908,89.2422825070159,2020-10-30
"946","For-profit",13627,11144,81.7788214574008,2020-11-06
"947","Local Authority",442,386,87.3303167420815,2020-11-06
"948","Third sector",2138,1909,89.289055191768,2020-11-06
"949","For-profit",13617,11138,81.7948153043989,2020-11-13
"950","Local Authority",442,386,87.3303167420815,2020-11-13
"951","Third sector",2137,1909,89.3308376228357,2020-11-13
"952","For-profit",13608,11128,81.7754262198707,2020-11-20
"953","Local Authority",443,387,87.3589164785553,2020-11-20
"954","Third sector",2137,1908,89.2840430510061,2020-11-20
"955","For-profit",13606,11120,81.7286491253859,2020-11-27
"956","Local Authority",442,387,87.5565610859728,2020-11-27
"957","Third sector",2136,1907,89.2790262172285,2020-11-27
"958","For-profit",13594,11114,81.7566573488304,2020-12-04
"959","Local Authority",442,387,87.5565610859728,2020-12-04
"960","Third sector",2128,1898,89.1917293233083,2020-12-04
"961","For-profit",13588,11108,81.7486017073889,2020-12-11
"962","Local Authority",442,387,87.5565610859728,2020-12-11
"963","Third sector",2127,1899,89.2806770098731,2020-12-11
"964","For-profit",13583,11099,81.7124346609733,2020-12-18
"965","Local Authority",442,387,87.5565610859728,2020-12-18
"966","Third sector",2125,1897,89.2705882352941,2020-12-18
"967","For-profit",13585,11104,81.7372101582628,2020-12-25
"968","Local Authority",442,387,87.5565610859728,2020-12-25
"969","Third sector",2122,1893,89.2082940622055,2020-12-25
"970","For-profit",13565,11089,81.7471433837081,2021-01-01
"971","Local Authority",442,388,87.7828054298643,2021-01-01
"972","Third sector",2121,1891,89.1560584629892,2021-01-01
"973","For-profit",13564,11083,81.708935417281,2021-01-08
"974","Local Authority",442,388,87.7828054298643,2021-01-08
"975","Third sector",2121,1889,89.061763319189,2021-01-08
"976","For-profit",13556,11065,81.624372971378,2021-01-15
"977","Local Authority",443,386,87.1331828442438,2021-01-15
"978","Third sector",2119,1888,89.0986314299198,2021-01-15
"979","For-profit",13552,11053,81.5599173553719,2021-01-22
"980","Local Authority",441,385,87.3015873015873,2021-01-22
"981","Third sector",2119,1887,89.0514393581878,2021-01-22
"982","For-profit",13536,11036,81.5307328605201,2021-01-29
"983","Local Authority",441,385,87.3015873015873,2021-01-29
"984","Third sector",2113,1882,89.0676762896356,2021-01-29
"985","For-profit",13484,10985,81.4669237614951,2021-02-05
"986","Local Authority",440,384,87.2727272727273,2021-02-05
"987","Third sector",2113,1881,89.0203502129673,2021-02-05
"988","For-profit",13480,10976,81.4243323442136,2021-02-12
"989","Local Authority",440,384,87.2727272727273,2021-02-12
"990","Third sector",2110,1880,89.0995260663507,2021-02-12
"991","For-profit",13466,10955,81.3530372790732,2021-02-19
"992","Local Authority",440,384,87.2727272727273,2021-02-19
"993","Third sector",2111,1880,89.057318806253,2021-02-19
"994","For-profit",13464,10947,81.3057040998218,2021-02-26
"995","Local Authority",440,384,87.2727272727273,2021-02-26
"996","Third sector",2109,1880,89.1417733522997,2021-02-26
"997","For-profit",13449,10930,81.2699828983568,2021-03-05
"998","Local Authority",440,385,87.5,2021-03-05
"999","Third sector",2107,1878,89.1314665401044,2021-03-05
"1000","For-profit",13434,10912,81.2267381271401,2021-03-12
"1001","Local Authority",440,385,87.5,2021-03-12
"1002","Third sector",2103,1874,89.1107941036614,2021-03-12
"1003","For-profit",13438,10909,81.1802351540408,2021-03-19
"1004","Local Authority",440,385,87.5,2021-03-19
"1005","Third sector",2103,1873,89.0632429862102,2021-03-19
"1006","For-profit",13430,10899,81.1541325390916,2021-03-26
"1007","Local Authority",440,385,87.5,2021-03-26
"1008","Third sector",2102,1872,89.058039961941,2021-03-26
"1009","For-profit",13411,10878,81.1125195734844,2021-04-02
"1010","Local Authority",438,384,87.6712328767123,2021-04-02
"1011","Third sector",2100,1871,89.0952380952381,2021-04-02
"1012","For-profit",13411,10869,81.0454104839311,2021-04-09
"1013","Local Authority",435,381,87.5862068965517,2021-04-09
"1014","Third sector",2100,1869,89,2021-04-09
"1015","For-profit",13395,10849,80.9929078014184,2021-04-16
"1016","Third sector",2094,1864,89.0162368672397,2021-04-16
"1017","Local Authority",425,376,88.4705882352941,2021-04-16
"1018","For-profit",13385,10839,80.9787075084049,2021-04-23
"1019","Third sector",2091,1858,88.857006217121,2021-04-23
"1020","Local Authority",425,376,88.4705882352941,2021-04-23
"1021","For-profit",13384,10828,80.9025702331142,2021-04-30
"1022","Third sector",2089,1852,88.6548587841072,2021-04-30
"1023","Local Authority",425,378,88.9411764705882,2021-04-30
"1024","For-profit",13346,10796,80.8931515060692,2021-05-07
"1025","Third sector",2085,1851,88.7769784172662,2021-05-07
"1026","Local Authority",425,378,88.9411764705882,2021-05-07
"1027","For-profit",13342,10796,80.917403687603,2021-05-14
"1028","Third sector",2079,1848,88.8888888888889,2021-05-14
"1029","Local Authority",425,378,88.9411764705882,2021-05-14
"1030","For-profit",13331,10788,80.9241617283025,2021-05-21
"1031","Third sector",2078,1847,88.88354186718,2021-05-21
"1032","Local Authority",425,378,88.9411764705882,2021-05-21
"1033","For-profit",13318,10791,81.0256795314612,2021-05-28
"1034","Third sector",2079,1849,88.9369889369889,2021-05-28
"1035","Local Authority",425,378,88.9411764705882,2021-05-28
"1036","For-profit",13322,10801,81.0764149527098,2021-06-04
"1037","Third sector",2076,1848,89.0173410404624,2021-06-04
"1038","Local Authority",426,380,89.2018779342723,2021-06-04
"1039","For-profit",13319,10794,81.0421202793002,2021-06-11
"1040","Third sector",2078,1849,88.9797882579403,2021-06-11
"1041","Local Authority",425,380,89.4117647058824,2021-06-11
"1042","For-profit",13314,10787,81.0199789695058,2021-06-18
"1043","Third sector",2077,1850,89.0707751564757,2021-06-18
"1044","Local Authority",425,380,89.4117647058824,2021-06-18
"1045","For-profit",13307,10791,81.0926579995491,2021-06-25
"1046","Third sector",2068,1842,89.0715667311412,2021-06-25
"1047","Local Authority",425,378,88.9411764705882,2021-06-25
"1048","For-profit",13299,10792,81.1489585683134,2021-07-02
"1049","Third sector",2059,1835,89.1209324915007,2021-07-02
"1050","Local Authority",425,378,88.9411764705882,2021-07-02
"1051","For-profit",13290,10792,81.2039127163281,2021-07-09
"1052","Third sector",2032,1812,89.1732283464567,2021-07-09
"1053","Local Authority",426,378,88.7323943661972,2021-07-09
"1054","For-profit",13294,10796,81.2095682262675,2021-07-16
"1055","Third sector",2032,1811,89.1240157480315,2021-07-16
"1056","Local Authority",427,378,88.5245901639344,2021-07-16
"1057","For-profit",13275,10796,81.3258003766478,2021-07-23
"1058","Third sector",2035,1812,89.041769041769,2021-07-23
"1059","Local Authority",426,377,88.4976525821596,2021-07-23
"1060","For-profit",13276,10808,81.4100632720699,2021-07-30
"1061","Third sector",2031,1810,89.1186607582472,2021-07-30
"1062","Local Authority",426,377,88.4976525821596,2021-07-30
"1063","For-profit",13296,10816,81.3477737665463,2021-08-06
"1064","Third sector",2037,1817,89.1998036327933,2021-08-06
"1065","Local Authority",426,377,88.4976525821596,2021-08-06
"1066","For-profit",13269,10800,81.3927198733891,2021-08-13
"1067","Third sector",2029,1813,89.3543617545589,2021-08-13
"1068","Local Authority",425,375,88.2352941176471,2021-08-13
"1069","For-profit",13277,10798,81.3286133915794,2021-08-20
"1070","Third sector",2031,1815,89.3648449039882,2021-08-20
"1071","Local Authority",423,373,88.1796690307329,2021-08-20
"1072","For-profit",13266,10794,81.3658977838082,2021-08-27
"1073","Third sector",2028,1814,89.4477317554241,2021-08-27
"1074","Local Authority",423,373,88.1796690307329,2021-08-27
"1075","For-profit",13240,10762,81.2839879154078,2021-09-03
"1076","Third sector",2027,1813,89.4425259003453,2021-09-03
"1077","Local Authority",423,373,88.1796690307329,2021-09-03
"1078","For-profit",13227,10742,81.2126710516368,2021-09-10
"1079","Third sector",2024,1808,89.3280632411067,2021-09-10
"1080","Local Authority",423,373,88.1796690307329,2021-09-10
"1081","For-profit",13213,10729,81.2003330053735,2021-09-17
"1082","Third sector",2022,1806,89.3175074183976,2021-09-17
"1083","Local Authority",423,374,88.4160756501182,2021-09-17
"1084","For-profit",13211,10720,81.1445007947922,2021-09-24
"1085","Third sector",2021,1803,89.213260761999,2021-09-24
"1086","Local Authority",423,374,88.4160756501182,2021-09-24
"1087","For-profit",13206,10722,81.1903680145388,2021-10-01
"1088","Third sector",2022,1805,89.2680514342235,2021-10-01
"1089","Local Authority",423,374,88.4160756501182,2021-10-01
"1090","For-profit",13201,10707,81.1074918566775,2021-10-08
"1091","Third sector",2022,1806,89.3175074183976,2021-10-08
"1092","Local Authority",423,374,88.4160756501182,2021-10-08
"1093","For-profit",13197,10699,81.0714556338562,2021-10-15
"1094","Third sector",2018,1800,89.197224975223,2021-10-15
"1095","Local Authority",425,376,88.4705882352941,2021-10-15
"1096","For-profit",13202,10707,81.1013482805635,2021-10-22
"1097","Third sector",2005,1790,89.2768079800499,2021-10-22
"1098","Local Authority",425,376,88.4705882352941,2021-10-22
"1099","For-profit",13202,10702,81.0634752310256,2021-10-29
"1100","Third sector",2006,1787,89.0827517447657,2021-10-29
"1101","Local Authority",425,376,88.4705882352941,2021-10-29
"1102","For-profit",13191,10687,81.0173603214313,2021-11-05
"1103","Third sector",2005,1783,88.927680798005,2021-11-05
"1104","Local Authority",425,376,88.4705882352941,2021-11-05
"1105","For-profit",13204,10693,80.9830354438049,2021-11-12
"1106","Third sector",2006,1784,88.9332003988036,2021-11-12
"1107","Local Authority",425,376,88.4705882352941,2021-11-12
"1108","For-profit",13192,10682,80.9733171619163,2021-11-19
"1109","Third sector",2009,1784,88.8003982080637,2021-11-19
"1110","Local Authority",425,376,88.4705882352941,2021-11-19
"1111","For-profit",13171,10663,80.9581656669957,2021-11-26
"1112","Third sector",2007,1781,88.7394120577977,2021-11-26
"1113","Local Authority",425,376,88.4705882352941,2021-11-26
"1114","For-profit",13160,10650,80.9270516717325,2021-12-03
"1115","Third sector",2005,1780,88.7780548628429,2021-12-03
"1116","Local Authority",425,376,88.4705882352941,2021-12-03
"1117","For-profit",13152,10638,80.8850364963504,2021-12-10
"1118","Third sector",2002,1778,88.8111888111888,2021-12-10
"1119","Local Authority",425,376,88.4705882352941,2021-12-10
"1120","For-profit",13150,10630,80.8365019011407,2021-12-17
"1121","Third sector",2000,1774,88.7,2021-12-17
"1122","Local Authority",425,376,88.4705882352941,2021-12-17
"1123","For-profit",13103,10572,80.6838128672823,2021-12-24
"1124","Third sector",2002,1774,88.6113886113886,2021-12-24
"1125","Local Authority",424,375,88.4433962264151,2021-12-24
"1126","For-profit",13095,10567,80.6949217258496,2021-12-31
"1127","Third sector",1998,1775,88.8388388388388,2021-12-31
"1128","Local Authority",422,373,88.3886255924171,2021-12-31
"1129","For-profit",13106,10581,80.7340149549824,2022-01-07
"1130","Third sector",1997,1773,88.7831747621432,2022-01-07
"1131","Local Authority",423,373,88.1796690307329,2022-01-07
"1132","For-profit",13104,10574,80.6929181929182,2022-01-14
"1133","Third sector",1997,1773,88.7831747621432,2022-01-14
"1134","Local Authority",421,372,88.3610451306413,2022-01-14
"1135","For-profit",13098,10562,80.6382653840281,2022-01-21
"1136","Third sector",1995,1771,88.7719298245614,2022-01-21
"1137","Local Authority",420,370,88.0952380952381,2022-01-21
"1138","For-profit",13085,10543,80.5731753916698,2022-01-28
"1139","Third sector",1988,1763,88.682092555332,2022-01-28
"1140","Local Authority",420,369,87.8571428571429,2022-01-28
"1141","For-profit",13082,10540,80.5687203791469,2022-02-04
"1142","Third sector",1986,1761,88.6706948640483,2022-02-04
"1143","Local Authority",420,369,87.8571428571429,2022-02-04
"1144","For-profit",13063,10532,80.6246650845901,2022-02-11
"1145","Third sector",1988,1761,88.5814889336016,2022-02-11
"1146","Local Authority",421,368,87.4109263657957,2022-02-11
"1147","For-profit",13048,10512,80.564071122011,2022-02-18
"1148","Third sector",1984,1756,88.508064516129,2022-02-18
"1149","Local Authority",421,369,87.6484560570071,2022-02-18
"1150","For-profit",13035,10491,80.4833141542002,2022-02-25
"1151","Third sector",1982,1755,88.5469223007064,2022-02-25
"1152","Local Authority",421,369,87.6484560570071,2022-02-25
"1153","For-profit",13031,10481,80.431279257156,2022-03-04
"1154","Third sector",1982,1754,88.4964682139253,2022-03-04
"1155","Local Authority",421,369,87.6484560570071,2022-03-04
"1156","For-profit",13025,10473,80.4069097888676,2022-03-11
"1157","Third sector",1980,1754,88.5858585858586,2022-03-11
"1158","Local Authority",421,369,87.6484560570071,2022-03-11
"1159","For-profit",13028,10467,80.3423395762972,2022-03-18
"1160","Third sector",1979,1753,88.5800909550278,2022-03-18
"1161","Local Authority",421,369,87.6484560570071,2022-03-18
"1162","For-profit",13004,10450,80.3598892648416,2022-03-25
"1163","Third sector",1974,1748,88.5511651469098,2022-03-25
"1164","Local Authority",421,369,87.6484560570071,2022-03-25
"1165","For-profit",12993,10444,80.3817440160086,2022-04-01
"1166","Third sector",1974,1746,88.4498480243161,2022-04-01
"1167","Local Authority",421,369,87.6484560570071,2022-04-01
"1168","For-profit",12989,10442,80.3911001616753,2022-04-08
"1169","Third sector",1973,1746,88.4946781550938,2022-04-08
"1170","Local Authority",420,368,87.6190476190476,2022-04-08
"1171","For-profit",12985,10434,80.354254909511,2022-04-15
"1172","Third sector",1971,1743,88.4322678843227,2022-04-15
"1173","Local Authority",420,367,87.3809523809524,2022-04-15
"1174","Third sector",1970,1743,88.4771573604061,2022-04-22
"1175","For-profit",12983,10431,80.3435261495802,2022-04-22
"1176","Local Authority",420,368,87.6190476190476,2022-04-22
"1177","Third sector",1971,1743,88.4322678843227,2022-04-29
"1178","For-profit",12984,10426,80.2988293284042,2022-04-29
"1179","Local Authority",420,368,87.6190476190476,2022-04-29
"1180","Third sector",1965,1737,88.3969465648855,2022-05-06
"1181","For-profit",12972,10420,80.3268578476719,2022-05-06
"1182","Local Authority",420,369,87.8571428571429,2022-05-06
"1183","Third sector",1961,1733,88.3732789393167,2022-05-13
"1184","For-profit",12960,10422,80.4166666666667,2022-05-13
"1185","Local Authority",420,370,88.0952380952381,2022-05-13
"1186","Third sector",1960,1732,88.3673469387755,2022-05-20
"1187","For-profit",12971,10431,80.4178552154807,2022-05-20
"1188","Local Authority",419,369,88.0668257756563,2022-05-20
"1189","Third sector",1960,1732,88.3673469387755,2022-05-27
"1190","For-profit",12962,10420,80.3888288844314,2022-05-27
"1191","Local Authority",419,369,88.0668257756563,2022-05-27
"1192","Third sector",1958,1729,88.3043922369765,2022-06-03
"1193","For-profit",12939,10402,80.3926114846588,2022-06-03
"1194","Local Authority",419,368,87.8281622911694,2022-06-03
"1195","Third sector",1956,1726,88.241308793456,2022-06-10
"1196","For-profit",12956,10401,80.279407224452,2022-06-10
"1197","Local Authority",419,368,87.8281622911694,2022-06-10
"1198","Third sector",1957,1727,88.2473173224323,2022-06-17
"1199","For-profit",12955,10402,80.2933230412968,2022-06-17
"1200","Local Authority",418,367,87.799043062201,2022-06-17
"1201","Third sector",1955,1724,88.1841432225064,2022-06-24
"1202","For-profit",12959,10402,80.2685392391388,2022-06-24
"1203","Local Authority",418,367,87.799043062201,2022-06-24
"1204","Third sector",1953,1718,87.9672299027138,2022-07-01
"1205","For-profit",12948,10383,80.1899907321594,2022-07-01
"1206","Local Authority",418,366,87.5598086124402,2022-07-01
"1207","Third sector",1952,1716,87.9098360655738,2022-07-08
"1208","For-profit",12926,10359,80.1408014853783,2022-07-08
"1209","Local Authority",418,366,87.5598086124402,2022-07-08
"1210","Third sector",1950,1713,87.8461538461539,2022-07-15
"1211","For-profit",12935,10352,80.0309238500193,2022-07-15
"1212","Local Authority",416,365,87.7403846153846,2022-07-15
"1213","Third sector",1950,1709,87.6410256410256,2022-07-22
"1214","For-profit",12937,10359,80.0726598129396,2022-07-22
"1215","Local Authority",416,364,87.5,2022-07-22
"1216","Third sector",1946,1705,87.6156217882837,2022-07-29
"1217","For-profit",12921,10352,80.1176379537188,2022-07-29
"1218","Local Authority",417,364,87.2901678657074,2022-07-29
"1219","Third sector",1947,1703,87.4678993323061,2022-08-05
"1220","For-profit",12937,10355,80.0417407436036,2022-08-05
"1221","Local Authority",416,362,87.0192307692308,2022-08-05
"1222","Third sector",1944,1703,87.6028806584362,2022-08-12
"1223","For-profit",12933,10350,80.0278357689631,2022-08-12
"1224","Local Authority",415,362,87.2289156626506,2022-08-12
"1225","Third sector",1942,1702,87.6416065911431,2022-08-19
"1226","For-profit",12922,10339,80.0108342361863,2022-08-19
"1227","Local Authority",415,363,87.4698795180723,2022-08-19
"1228","Third sector",1941,1702,87.6867594023699,2022-08-26
"1229","For-profit",12947,10340,79.8640611724724,2022-08-26
"1230","Local Authority",416,364,87.5,2022-08-26
"1231","Third sector",1941,1702,87.6867594023699,2022-09-02
"1232","For-profit",12936,10338,79.9165120593692,2022-09-02
"1233","Local Authority",414,361,87.1980676328502,2022-09-02
"1234","Third sector",1934,1696,87.693898655636,2022-09-09
"1235","For-profit",12924,10320,79.8514391829155,2022-09-09
"1236","Local Authority",412,358,86.8932038834951,2022-09-09
"1237","Third sector",1935,1696,87.6485788113695,2022-09-16
"1238","For-profit",12915,10307,79.8064266356949,2022-09-16
"1239","Local Authority",411,358,87.1046228710462,2022-09-16
"1240","Third sector",1937,1696,87.5580795043882,2022-09-23
"1241","For-profit",12920,10300,79.7213622291022,2022-09-23
"1242","Local Authority",411,359,87.3479318734793,2022-09-23
"1243","Third sector",1938,1694,87.4097007223942,2022-09-30
"1244","For-profit",12914,10296,79.7274275979557,2022-09-30
"1245","Local Authority",411,360,87.5912408759124,2022-09-30
"1246","Third sector",1933,1688,87.325400931195,2022-10-07
"1247","For-profit",12892,10282,79.7548867514738,2022-10-07
"1248","Local Authority",411,359,87.3479318734793,2022-10-07
"1249","Third sector",1931,1685,87.260486794407,2022-10-14
"1250","For-profit",12888,10271,79.6942892613284,2022-10-14
"1251","Local Authority",410,359,87.5609756097561,2022-10-14
"1252","Third sector",1928,1682,87.240663900415,2022-10-21
"1253","For-profit",12882,10256,79.61496662009,2022-10-21
"1254","Local Authority",407,356,87.4692874692875,2022-10-21
"1255","Third sector",1926,1679,87.1754932502596,2022-10-28
"1256","For-profit",12874,10246,79.5867640205065,2022-10-28
"1257","Local Authority",407,356,87.4692874692875,2022-10-28
"1258","Third sector",1921,1673,87.0900572618428,2022-11-04
"1259","For-profit",12883,10256,79.6087867732671,2022-11-04
"1260","Local Authority",407,355,87.2235872235872,2022-11-04
"1261","Third sector",1922,1675,87.1488033298647,2022-11-11
"1262","For-profit",12860,10248,79.6889580093313,2022-11-11
"1263","Local Authority",406,356,87.6847290640394,2022-11-11
"1264","Third sector",1918,1670,87.0698644421272,2022-11-18
"1265","For-profit",12864,10254,79.7108208955224,2022-11-18
"1266","Local Authority",406,357,87.9310344827586,2022-11-18
"1267","Third sector",1901,1665,87.5854813256181,2022-11-25
"1268","For-profit",12853,10246,79.7167976347934,2022-11-25
"1269","Local Authority",406,357,87.9310344827586,2022-11-25
"1270","Third sector",1900,1662,87.4736842105263,2022-12-02
"1271","For-profit",12845,10228,79.6263137407552,2022-12-02
"1272","Local Authority",406,357,87.9310344827586,2022-12-02
"1273","Third sector",1895,1658,87.4934036939314,2022-12-09
"1274","For-profit",12846,10229,79.6278997353262,2022-12-09
"1275","Local Authority",407,357,87.7149877149877,2022-12-09
"1276","Third sector",1897,1660,87.5065893516078,2022-12-16
"1277","For-profit",12844,10229,79.6402989722828,2022-12-16
"1278","Local Authority",408,358,87.7450980392157,2022-12-16
"1279","Third sector",1891,1650,87.2554204124802,2022-12-23
"1280","For-profit",12825,10215,79.6491228070175,2022-12-23
"1281","Local Authority",405,355,87.6543209876543,2022-12-23
"1282","Third sector",1892,1652,87.3150105708245,2022-12-30
"1283","For-profit",12830,10218,79.6414653156664,2022-12-30
"1284","Local Authority",406,356,87.6847290640394,2022-12-30
"1285","Third sector",1888,1646,87.1822033898305,2023-01-06
"1286","For-profit",12833,10217,79.6150549364919,2023-01-06
"1287","Local Authority",404,354,87.6237623762376,2023-01-06
"1288","Third sector",1890,1643,86.9312169312169,2023-01-13
"1289","For-profit",12826,10202,79.5415562139404,2023-01-13
"1290","Local Authority",406,356,87.6847290640394,2023-01-13
"1291","Third sector",1883,1636,86.88263409453,2023-01-20
"1292","For-profit",12826,10193,79.4713862466864,2023-01-20
"1293","Local Authority",407,356,87.4692874692875,2023-01-20
"1294","Third sector",1882,1633,86.769394261424,2023-01-27
"1295","For-profit",12807,10175,79.4487389708753,2023-01-27
"1296","Local Authority",406,356,87.6847290640394,2023-01-27
"1297","Third sector",1878,1628,86.6879659211928,2023-02-03
"1298","For-profit",12813,10183,79.473971747444,2023-02-03
"1299","Local Authority",406,354,87.192118226601,2023-02-03
"1300","Third sector",1879,1624,86.428951569984,2023-02-10
"1301","For-profit",12806,10174,79.4471341558644,2023-02-10
"1302","Local Authority",405,353,87.1604938271605,2023-02-10
"1303","Third sector",1878,1624,86.4749733759318,2023-02-17
"1304","For-profit",12792,10171,79.510631644778,2023-02-17
"1305","Local Authority",405,353,87.1604938271605,2023-02-17
"1306","Third sector",1877,1623,86.4677677144379,2023-02-24
"1307","For-profit",12799,10191,79.6234080787562,2023-02-24
"1308","Local Authority",406,354,87.192118226601,2023-02-24
"1309","Third sector",1871,1622,86.6916087653661,2023-03-03
"1310","For-profit",12780,10189,79.7261345852895,2023-03-03
"1311","Local Authority",405,354,87.4074074074074,2023-03-03
"1312","Third sector",1871,1626,86.90539818279,2023-03-10
"1313","For-profit",12785,10215,79.8983183418068,2023-03-10
"1314","Local Authority",406,355,87.4384236453202,2023-03-10
"1315","Third sector",1872,1625,86.8055555555556,2023-03-17
"1316","For-profit",12789,10234,80.0218938149973,2023-03-17
"1317","Local Authority",406,355,87.4384236453202,2023-03-17
"1318","Third sector",1865,1620,86.8632707774799,2023-03-24
"1319","For-profit",12776,10240,80.1502817783344,2023-03-24
"1320","Local Authority",406,357,87.9310344827586,2023-03-24
"1321","Third sector",1865,1620,86.8632707774799,2023-03-31
"1322","For-profit",12767,10243,80.2302811937025,2023-03-31
"1323","Local Authority",404,357,88.3663366336634,2023-03-31
"1324","Third sector",1861,1616,86.8350349274584,2023-04-07
"1325","For-profit",12727,10220,80.301720751159,2023-04-07
"1326","Local Authority",403,358,88.833746898263,2023-04-07
"1327","Third sector",1860,1615,86.8279569892473,2023-04-14
"1328","For-profit",12733,10239,80.413099819367,2023-04-14
"1329","Local Authority",404,358,88.6138613861386,2023-04-14
"1330","Third sector",1857,1614,86.9143780290792,2023-04-21
"1331","For-profit",12720,10242,80.5188679245283,2023-04-21
"1332","Local Authority",385,340,88.3116883116883,2023-04-21
"1333","Third sector",1854,1610,86.8392664509169,2023-04-28
"1334","For-profit",12723,10243,80.5077418847756,2023-04-28
"1335","Local Authority",384,339,88.28125,2023-04-28
"1336","Third sector",1854,1611,86.8932038834951,2023-05-05
"1337","For-profit",12702,10236,80.5857345299953,2023-05-05
"1338","Local Authority",384,339,88.28125,2023-05-05
"1339","Third sector",1825,1586,86.9041095890411,2023-05-12
"1340","For-profit",12693,10217,80.4931852202001,2023-05-12
"1341","Local Authority",384,340,88.5416666666667,2023-05-12
"1342","Third sector",1826,1589,87.0208105147864,2023-05-19
"1343","For-profit",12709,10224,80.4469273743017,2023-05-19
"1344","Local Authority",384,340,88.5416666666667,2023-05-19
"1345","Third sector",1825,1587,86.958904109589,2023-05-26
"1346","For-profit",12702,10219,80.4518973390017,2023-05-26
"1347","Local Authority",385,340,88.3116883116883,2023-05-26
"1348","Third sector",1821,1586,87.0950027457441,2023-06-02
"1349","For-profit",12690,10219,80.5279747832939,2023-06-02
"1350","Local Authority",384,340,88.5416666666667,2023-06-02
"1351","Third sector",1821,1585,87.0400878638111,2023-06-09
"1352","For-profit",12664,10189,80.4564118761845,2023-06-09
"1353","Local Authority",384,340,88.5416666666667,2023-06-09
"1354","Third sector",1820,1582,86.9230769230769,2023-06-16
"1355","For-profit",12644,10173,80.4571338184119,2023-06-16
"1356","Local Authority",385,340,88.3116883116883,2023-06-16
"1357","Third sector",1811,1574,86.9133075648813,2023-06-23
"1358","For-profit",12637,10161,80.4067421065126,2023-06-23
"1359","Local Authority",384,339,88.28125,2023-06-23
"1360","Third sector",1812,1573,86.8101545253863,2023-06-30
"1361","For-profit",12632,10166,80.4781507283091,2023-06-30
"1362","Local Authority",384,339,88.28125,2023-06-30
"1363","Third sector",1810,1573,86.9060773480663,2023-07-07
"1364","For-profit",12620,10162,80.5229793977813,2023-07-07
"1365","Local Authority",383,338,88.2506527415144,2023-07-07
"1366","Third sector",1807,1570,86.8843386828998,2023-07-14
"1367","For-profit",12629,10168,80.5131047588883,2023-07-14
"1368","Local Authority",383,338,88.2506527415144,2023-07-14
"1369","Third sector",1806,1571,86.9878183831672,2023-07-21
"1370","For-profit",12617,10160,80.5262740746612,2023-07-21
"1371","Local Authority",383,338,88.2506527415144,2023-07-21
"1372","Third sector",1803,1570,87.0770937326678,2023-07-28
"1373","For-profit",12598,10152,80.5842197174155,2023-07-28
"1374","Local Authority",383,338,88.2506527415144,2023-07-28
"1375","Third sector",1801,1571,87.2293170460855,2023-08-04
"1376","For-profit",12596,10146,80.5493807557955,2023-08-04
"1377","Local Authority",382,337,88.2198952879581,2023-08-04
"1378","Third sector",1799,1569,87.2151195108394,2023-08-11
"1379","For-profit",12604,10145,80.4903205331641,2023-08-11
"1380","Local Authority",382,336,87.9581151832461,2023-08-11
"1381","Third sector",1798,1567,87.1523915461624,2023-08-18
"1382","For-profit",12582,10140,80.5913209346686,2023-08-18
"1383","Local Authority",383,338,88.2506527415144,2023-08-18
"1384","Third sector",1796,1567,87.249443207127,2023-08-25
"1385","For-profit",12586,10132,80.5021452407437,2023-08-25
"1386","Local Authority",382,338,88.4816753926702,2023-08-25
"1387","Third sector",1792,1566,87.3883928571429,2023-09-01
"1388","For-profit",12574,10120,80.4835374582472,2023-09-01
"1389","Local Authority",384,339,88.28125,2023-09-01
"1390","Third sector",1784,1561,87.5,2023-09-08
"1391","For-profit",12563,10107,80.4505293321659,2023-09-08
"1392","Local Authority",384,340,88.5416666666667,2023-09-08
"1393","Third sector",1784,1563,87.6121076233184,2023-09-15
"1394","For-profit",12548,10091,80.4191903092126,2023-09-15
"1395","Local Authority",384,340,88.5416666666667,2023-09-15
"1396","Third sector",1783,1562,87.6051598429613,2023-09-22
"1397","For-profit",12533,10075,80.3877762706455,2023-09-22
"1398","Local Authority",385,340,88.3116883116883,2023-09-22
"1399","Third sector",1784,1563,87.6121076233184,2023-09-29
"1400","For-profit",12523,10071,80.4200271500439,2023-09-29
"1401","Local Authority",384,340,88.5416666666667,2023-09-29
"1402","Third sector",1777,1556,87.5633089476646,2023-10-06
"1403","For-profit",12519,10063,80.3818196341561,2023-10-06
"1404","Local Authority",384,340,88.5416666666667,2023-10-06
"1405","Third sector",1775,1553,87.4929577464789,2023-10-13
"1406","For-profit",12506,10049,80.3534303534304,2023-10-13
"1407","Local Authority",384,340,88.5416666666667,2023-10-13
"1408","Third sector",1773,1551,87.4788494077834,2023-10-20
"1409","For-profit",12508,10048,80.3325871442277,2023-10-20
"1410","Local Authority",382,338,88.4816753926702,2023-10-20
"1411","Third sector",1770,1548,87.4576271186441,2023-10-27
"1412","For-profit",12493,10038,80.348995437445,2023-10-27
"1413","Local Authority",382,338,88.4816753926702,2023-10-27
"1414","Third sector",1772,1548,87.3589164785553,2023-11-03
"1415","For-profit",12483,10031,80.357285908836,2023-11-03
"1416","Local Authority",382,338,88.4816753926702,2023-11-03
"1417","Third sector",1769,1545,87.3374788015828,2023-11-10
"1418","For-profit",12469,10015,80.319191595156,2023-11-10
"1419","Local Authority",383,339,88.5117493472585,2023-11-10
"1420","Third sector",1765,1540,87.2521246458924,2023-11-17
"1421","For-profit",12471,10012,80.2822548312084,2023-11-17
"1422","Local Authority",381,337,88.4514435695538,2023-11-17
"1423","Third sector",1764,1537,87.1315192743764,2023-11-24
"1424","For-profit",12459,9993,80.2070792198411,2023-11-24
"1425","Local Authority",380,335,88.1578947368421,2023-11-24
"1426","Third sector",1761,1535,87.1663827370812,2023-12-01
"1427","For-profit",12446,9976,80.1542664309818,2023-12-01
"1428","Local Authority",380,334,87.8947368421053,2023-12-01
"1429","Third sector",1761,1534,87.1095968199886,2023-12-08
"1430","For-profit",12440,9958,80.048231511254,2023-12-08
"1431","Local Authority",380,334,87.8947368421053,2023-12-08
"1432","Third sector",1767,1539,87.0967741935484,2023-12-15
"1433","For-profit",12437,9948,79.9871351612125,2023-12-15
"1434","Local Authority",379,333,87.8627968337731,2023-12-15
"1435","Third sector",1761,1532,86.9960249858035,2023-12-22
"1436","For-profit",12421,9925,79.9049995974559,2023-12-22
"1437","Local Authority",379,333,87.8627968337731,2023-12-22
"1438","Third sector",1758,1530,87.0307167235495,2023-12-29
"1439","For-profit",12421,9921,79.8727960711698,2023-12-29
"1440","Local Authority",380,334,87.8947368421053,2023-12-29
"1441","Third sector",1758,1531,87.0875995449374,2024-01-05
"1442","For-profit",12422,9916,79.8261149573338,2024-01-05
"1443","Local Authority",378,332,87.8306878306878,2024-01-05
"1444","Third sector",1758,1525,86.7463026166098,2024-01-12
"1445","For-profit",12417,9904,79.761617137795,2024-01-12
"1446","Local Authority",378,332,87.8306878306878,2024-01-12
"1447","Third sector",1753,1519,86.6514546491728,2024-01-19
"1448","For-profit",12394,9877,79.691786348233,2024-01-19
"1449","Local Authority",378,332,87.8306878306878,2024-01-19
"1450","Third sector",1753,1520,86.7084997147747,2024-01-26
"1451","For-profit",12389,9861,79.5948018403422,2024-01-26
"1452","Local Authority",378,332,87.8306878306878,2024-01-26
"1453","Third sector",1747,1513,86.6056096164854,2024-02-02
"1454","For-profit",12369,9841,79.5618077451694,2024-02-02
"1455","Local Authority",378,332,87.8306878306878,2024-02-02
"1456","Third sector",1737,1502,86.4709268854347,2024-02-09
"1457","For-profit",12358,9824,79.4950639262017,2024-02-09
"1458","Local Authority",378,332,87.8306878306878,2024-02-09
"1459","Third sector",1730,1496,86.4739884393064,2024-02-16
"1460","For-profit",12347,9807,79.4282011824735,2024-02-16
"1461","Local Authority",378,332,87.8306878306878,2024-02-16
"1462","Third sector",1729,1495,86.4661654135338,2024-02-23
"1463","For-profit",12333,9789,79.3724154706884,2024-02-23
"1464","Local Authority",378,332,87.8306878306878,2024-02-23
"1465","Third sector",1726,1492,86.4426419466976,2024-03-01
"1466","For-profit",12312,9767,79.329109811566,2024-03-01
"1467","Local Authority",378,332,87.8306878306878,2024-03-01
"1468","Third sector",1723,1487,86.3029599535694,2024-03-08
"1469","For-profit",12314,9760,79.2593795679714,2024-03-08
"1470","Local Authority",378,332,87.8306878306878,2024-03-08
"1471","Third sector",1717,1482,86.3133372160745,2024-03-15
"1472","For-profit",12304,9752,79.25877763329,2024-03-15
"1473","Local Authority",378,332,87.8306878306878,2024-03-15
"1474","Third sector",1717,1482,86.3133372160745,2024-03-22
"1475","For-profit",12299,9745,79.2340840718758,2024-03-22
"1476","Local Authority",376,330,87.7659574468085,2024-03-22
"1477","Third sector",1713,1477,86.2230005837712,2024-03-29
"1478","For-profit",12285,9736,79.2511192511192,2024-03-29
"1479","Local Authority",375,329,87.7333333333333,2024-03-29
"1480","Third sector",1708,1472,86.1826697892272,2024-04-05
"1481","For-profit",12281,9734,79.2606465271558,2024-04-05
"1482","Local Authority",374,329,87.9679144385027,2024-04-05
"1483","Third sector",1705,1470,86.217008797654,2024-04-12
"1484","For-profit",12262,9722,79.2855977817648,2024-04-12
"1485","Local Authority",372,328,88.1720430107527,2024-04-12
"1486","Third sector",1704,1469,86.2089201877934,2024-04-19
"1487","For-profit",12259,9717,79.2642140468227,2024-04-19
"1488","Local Authority",372,328,88.1720430107527,2024-04-19
"1489","Third sector",1702,1467,86.192714453584,2024-04-26
"1490","For-profit",12246,9710,79.291197125592,2024-04-26
"1491","Local Authority",372,328,88.1720430107527,2024-04-26
"1492","Third sector",1700,1468,86.3529411764706,2024-05-03
"1493","For-profit",12233,9707,79.3509359928063,2024-05-03
"1494","Local Authority",372,328,88.1720430107527,2024-05-03
"1495","Third sector",1699,1469,86.4626250735727,2024-05-10
"1496","For-profit",12226,9702,79.3554719450352,2024-05-10
"1497","Local Authority",372,328,88.1720430107527,2024-05-10
"1498","Third sector",1695,1467,86.5486725663717,2024-05-17
"1499","For-profit",12223,9701,79.3667675693365,2024-05-17
"1500","Local Authority",372,327,87.9032258064516,2024-05-17
"1501","Third sector",1694,1466,86.5407319952775,2024-05-24
"1502","For-profit",12212,9705,79.471012119227,2024-05-24
"1503","Local Authority",372,327,87.9032258064516,2024-05-24
"1504","Third sector",1694,1467,86.5997638724911,2024-05-31
"1505","For-profit",12209,9709,79.5233024817757,2024-05-31
"1506","Local Authority",372,327,87.9032258064516,2024-05-31
"1507","Third sector",1684,1458,86.5795724465558,2024-06-07
"1508","For-profit",12191,9697,79.5422852924288,2024-06-07
"1509","Local Authority",371,326,87.8706199460916,2024-06-07
"1510","Third sector",1683,1457,86.5715983363042,2024-06-14
"1511","For-profit",12180,9689,79.5484400656814,2024-06-14
"1512","Local Authority",370,325,87.8378378378378,2024-06-14
"1513","Third sector",1680,1454,86.547619047619,2024-06-21
"1514","For-profit",12176,9687,79.55814717477,2024-06-21
"1515","Local Authority",370,325,87.8378378378378,2024-06-21
"1516","Third sector",1679,1454,86.5991661703395,2024-06-28
"1517","For-profit",12177,9685,79.5351892912869,2024-06-28
"1518","Local Authority",369,324,87.8048780487805,2024-06-28
"1519","Third sector",1677,1452,86.5831842576029,2024-07-05
"1520","For-profit",12151,9655,79.4584807834746,2024-07-05
"1521","Local Authority",369,324,87.8048780487805,2024-07-05
"1522","Third sector",1675,1449,86.5074626865672,2024-07-12
"1523","For-profit",12138,9651,79.510627780524,2024-07-12
"1524","Local Authority",369,324,87.8048780487805,2024-07-12
"1525","Third sector",1671,1444,86.4153201675643,2024-07-19
"1526","For-profit",12132,9649,79.5334652159578,2024-07-19
"1527","Local Authority",368,323,87.7717391304348,2024-07-19
"1528","Third sector",1667,1442,86.502699460108,2024-07-26
"1529","For-profit",12131,9650,79.5482647761932,2024-07-26
"1530","Local Authority",368,323,87.7717391304348,2024-07-26
"1531","Third sector",1662,1439,86.5824308062575,2024-08-02
"1532","For-profit",12132,9652,79.5581932080448,2024-08-02
"1533","Local Authority",368,323,87.7717391304348,2024-08-02
"1534","Third sector",1662,1439,86.5824308062575,2024-08-09
"1535","For-profit",12123,9651,79.6090076713685,2024-08-09
"1536","Local Authority",368,323,87.7717391304348,2024-08-09
"1537","Third sector",1662,1438,86.5222623345367,2024-08-16
"1538","For-profit",12114,9645,79.618623080733,2024-08-16
"1539","Local Authority",362,317,87.5690607734807,2024-08-16
"1540","Third sector",1660,1438,86.6265060240964,2024-08-23
"1541","For-profit",12108,9646,79.6663363065742,2024-08-23
"1542","Local Authority",362,317,87.5690607734807,2024-08-23
"1543","Third sector",1658,1437,86.670687575392,2024-08-30
"1544","For-profit",12110,9648,79.6696944673823,2024-08-30
"1545","Local Authority",362,317,87.5690607734807,2024-08-30
"1546","Third sector",1659,1437,86.618444846293,2024-09-06
"1547","For-profit",12099,9643,79.7008017191503,2024-09-06
"1548","Local Authority",359,314,87.4651810584958,2024-09-06
"1549","Third sector",1656,1435,86.6545893719807,2024-09-13
"1550","For-profit",12098,9646,79.73218713837,2024-09-13
"1551","Local Authority",359,314,87.4651810584958,2024-09-13
"1552","Third sector",1656,1435,86.6545893719807,2024-09-20
"1553","For-profit",12090,9646,79.7849462365591,2024-09-20
"1554","Local Authority",359,314,87.4651810584958,2024-09-20
"1555","Third sector",1654,1434,86.6989117291415,2024-09-27
"1556","For-profit",12079,9634,79.7582581339515,2024-09-27
"1557","Local Authority",359,314,87.4651810584958,2024-09-27
"1558","Third sector",1653,1434,86.7513611615245,2024-10-04
"1559","For-profit",12066,9629,79.8027515332339,2024-10-04
"1560","Local Authority",359,314,87.4651810584958,2024-10-04
"1561","Third sector",1652,1432,86.682808716707,2024-10-11
"1562","For-profit",12059,9624,79.8076125715234,2024-10-11
"1563","Local Authority",359,314,87.4651810584958,2024-10-11
"1564","Third sector",1653,1433,86.6908650937689,2024-10-18
"1565","For-profit",12041,9612,79.8272568723528,2024-10-18
"1566","Local Authority",359,314,87.4651810584958,2024-10-18
"1567","Third sector",1647,1428,86.7030965391621,2024-10-25
"1568","For-profit",12035,9610,79.8504362276693,2024-10-25
"1569","Local Authority",359,314,87.4651810584958,2024-10-25
"1570","Third sector",1641,1423,86.7154174283973,2024-11-01
"1571","For-profit",11992,9571,79.8115410273516,2024-11-01
"1572","Local Authority",359,314,87.4651810584958,2024-11-01
"1573","Third sector",1628,1412,86.7321867321867,2024-11-08
"1574","For-profit",11973,9560,79.8463208886662,2024-11-08
"1575","Local Authority",359,314,87.4651810584958,2024-11-08
"1576","Third sector",1627,1411,86.7240319606638,2024-11-15
"1577","For-profit",11963,9558,79.8963470701329,2024-11-15
"1578","Local Authority",358,313,87.4301675977654,2024-11-15
"1579","Third sector",1626,1411,86.7773677736777,2024-11-22
"1580","For-profit",11954,9558,79.956499916346,2024-11-22
"1581","Local Authority",358,313,87.4301675977654,2024-11-22
"1582","Third sector",1622,1408,86.806411837238,2024-11-29
"1583","For-profit",11953,9567,80.0384840625784,2024-11-29
"1584","Local Authority",356,312,87.6404494382023,2024-11-29
"1585","Third sector",1618,1405,86.8355995055624,2024-12-06
"1586","For-profit",11935,9558,80.0837871805614,2024-12-06
"1587","Local Authority",355,311,87.6056338028169,2024-12-06
"1588","Third sector",1617,1404,86.8274582560297,2024-12-13
"1589","For-profit",11921,9558,80.1778374297458,2024-12-13
"1590","Local Authority",355,311,87.6056338028169,2024-12-13
"1591","Third sector",1609,1398,86.886264760721,2024-12-20
"1592","For-profit",11918,9559,80.2064104715556,2024-12-20
"1593","Local Authority",355,311,87.6056338028169,2024-12-20
"1594","Third sector",1609,1396,86.7619639527657,2024-12-27
"1595","For-profit",11910,9553,80.2099076406381,2024-12-27
"1596","Local Authority",355,311,87.6056338028169,2024-12-27
"1597","Third sector",1609,1396,86.7619639527657,2025-01-03
"1598","For-profit",11905,9556,80.2687946241075,2025-01-03
"1599","Local Authority",355,310,87.3239436619718,2025-01-03
"1600","Third sector",1609,1397,86.8241143567433,2025-01-10
"1601","For-profit",11910,9567,80.3274559193955,2025-01-10
"1602","Local Authority",355,310,87.3239436619718,2025-01-10
"1603","Third sector",1610,1397,86.7701863354037,2025-01-17
"1604","For-profit",11911,9565,80.3039207455293,2025-01-17
"1605","Local Authority",356,310,87.0786516853933,2025-01-17
"1606","Third sector",1610,1397,86.7701863354037,2025-01-24
"1607","For-profit",11917,9574,80.3390114961819,2025-01-24
"1608","Local Authority",355,310,87.3239436619718,2025-01-24
"1609","Third sector",1609,1397,86.8241143567433,2025-01-31
"1610","For-profit",11916,9577,80.3709298422289,2025-01-31
"1611","Local Authority",356,310,87.0786516853933,2025-01-31
